object_id,object_type,object_name,object_quality,object_part
1,tech,枪械,,
2,tech,麒麟臂,,
3,tech,水泡,,
4,tech,木刺,,
5,tech,高能光波,,
6,tech,激情射線,,
7,tech,金甲虫,,
8,tech,冰凌柜,,
9,tech,闪电链,,
10,tech,龙旋风,,
40101001,equipstar,白色1阶头盔,1,头盔
40101002,equipstar,绿色1阶头盔,1,头盔
40101003,equipstar,绿色1阶头盔,1,头盔
40101004,equipstar,绿色1阶头盔,1,头盔
40101005,equipstar,蓝色1阶头盔,1,头盔
40101006,equipstar,蓝色1阶头盔,1,头盔
40101007,equipstar,蓝色1阶头盔,1,头盔
40101008,equipstar,紫色1阶头盔,1,头盔
40101009,equipstar,紫色1阶头盔,1,头盔
40101010,equipstar,紫色1阶头盔,1,头盔
40101011,equipstar,橙色1阶头盔,1,头盔
40101012,equipstar,橙色1阶头盔,1,头盔
40101013,equipstar,橙色1阶头盔,1,头盔
40101014,equipstar,红色1阶头盔,1,头盔
40101015,equipstar,红色1阶头盔,1,头盔
40101016,equipstar,红色1阶头盔,1,头盔
40101017,equipstar,彩色1阶头盔,1,头盔
40101018,equipstar,彩色1阶头盔,1,头盔
40101019,equipstar,彩色1阶头盔,1,头盔
40102001,equipstar,白色1阶护臂,1,护臂
40102002,equipstar,绿色1阶护臂,1,护臂
40102003,equipstar,绿色1阶护臂,1,护臂
40102004,equipstar,绿色1阶护臂,1,护臂
40102005,equipstar,蓝色1阶护臂,1,护臂
40102006,equipstar,蓝色1阶护臂,1,护臂
40102007,equipstar,蓝色1阶护臂,1,护臂
40102008,equipstar,紫色1阶护臂,1,护臂
40102009,equipstar,紫色1阶护臂,1,护臂
40102010,equipstar,紫色1阶护臂,1,护臂
40102011,equipstar,橙色1阶护臂,1,护臂
40102012,equipstar,橙色1阶护臂,1,护臂
40102013,equipstar,橙色1阶护臂,1,护臂
40102014,equipstar,红色1阶护臂,1,护臂
40102015,equipstar,红色1阶护臂,1,护臂
40102016,equipstar,红色1阶护臂,1,护臂
40102017,equipstar,彩色1阶护臂,1,护臂
40102018,equipstar,彩色1阶护臂,1,护臂
40102019,equipstar,彩色1阶护臂,1,护臂
40103001,equipstar,白色1阶衣服,1,衣服
40103002,equipstar,绿色1阶衣服,1,衣服
40103003,equipstar,绿色1阶衣服,1,衣服
40103004,equipstar,绿色1阶衣服,1,衣服
40103005,equipstar,蓝色1阶衣服,1,衣服
40103006,equipstar,蓝色1阶衣服,1,衣服
40103007,equipstar,蓝色1阶衣服,1,衣服
40103008,equipstar,紫色1阶衣服,1,衣服
40103009,equipstar,紫色1阶衣服,1,衣服
40103010,equipstar,紫色1阶衣服,1,衣服
40103011,equipstar,橙色1阶衣服,1,衣服
40103012,equipstar,橙色1阶衣服,1,衣服
40103013,equipstar,橙色1阶衣服,1,衣服
40103014,equipstar,红色1阶衣服,1,衣服
40103015,equipstar,红色1阶衣服,1,衣服
40103016,equipstar,红色1阶衣服,1,衣服
40103017,equipstar,彩色1阶衣服,1,衣服
40103018,equipstar,彩色1阶衣服,1,衣服
40103019,equipstar,彩色1阶衣服,1,衣服
40104001,equipstar,白色1阶裤子,1,裤子
40104002,equipstar,绿色1阶裤子,1,裤子
40104003,equipstar,绿色1阶裤子,1,裤子
40104004,equipstar,绿色1阶裤子,1,裤子
40104005,equipstar,蓝色1阶裤子,1,裤子
40104006,equipstar,蓝色1阶裤子,1,裤子
40104007,equipstar,蓝色1阶裤子,1,裤子
40104008,equipstar,紫色1阶裤子,1,裤子
40104009,equipstar,紫色1阶裤子,1,裤子
40104010,equipstar,紫色1阶裤子,1,裤子
40104011,equipstar,橙色1阶裤子,1,裤子
40104012,equipstar,橙色1阶裤子,1,裤子
40104013,equipstar,橙色1阶裤子,1,裤子
40104014,equipstar,红色1阶裤子,1,裤子
40104015,equipstar,红色1阶裤子,1,裤子
40104016,equipstar,红色1阶裤子,1,裤子
40104017,equipstar,彩色1阶裤子,1,裤子
40104018,equipstar,彩色1阶裤子,1,裤子
40104019,equipstar,彩色1阶裤子,1,裤子
40105001,equipstar,白色1阶鞋子,1,鞋子
40105002,equipstar,绿色1阶鞋子,1,鞋子
40105003,equipstar,绿色1阶鞋子,1,鞋子
40105004,equipstar,绿色1阶鞋子,1,鞋子
40105005,equipstar,蓝色1阶鞋子,1,鞋子
40105006,equipstar,蓝色1阶鞋子,1,鞋子
40105007,equipstar,蓝色1阶鞋子,1,鞋子
40105008,equipstar,紫色1阶鞋子,1,鞋子
40105009,equipstar,紫色1阶鞋子,1,鞋子
40105010,equipstar,紫色1阶鞋子,1,鞋子
40105011,equipstar,橙色1阶鞋子,1,鞋子
40105012,equipstar,橙色1阶鞋子,1,鞋子
40105013,equipstar,橙色1阶鞋子,1,鞋子
40105014,equipstar,红色1阶鞋子,1,鞋子
40105015,equipstar,红色1阶鞋子,1,鞋子
40105016,equipstar,红色1阶鞋子,1,鞋子
40105017,equipstar,彩色1阶鞋子,1,鞋子
40105018,equipstar,彩色1阶鞋子,1,鞋子
40105019,equipstar,彩色1阶鞋子,1,鞋子
40106001,equipstar,白色1阶手套,1,手套
40106002,equipstar,绿色1阶手套,1,手套
40106003,equipstar,绿色1阶手套,1,手套
40106004,equipstar,绿色1阶手套,1,手套
40106005,equipstar,蓝色1阶手套,1,手套
40106006,equipstar,蓝色1阶手套,1,手套
40106007,equipstar,蓝色1阶手套,1,手套
40106008,equipstar,紫色1阶手套,1,手套
40106009,equipstar,紫色1阶手套,1,手套
40106010,equipstar,紫色1阶手套,1,手套
40106011,equipstar,橙色1阶手套,1,手套
40106012,equipstar,橙色1阶手套,1,手套
40106013,equipstar,橙色1阶手套,1,手套
40106014,equipstar,红色1阶手套,1,手套
40106015,equipstar,红色1阶手套,1,手套
40106016,equipstar,红色1阶手套,1,手套
40106017,equipstar,彩色1阶手套,1,手套
40106018,equipstar,彩色1阶手套,1,手套
40106019,equipstar,彩色1阶手套,1,手套
40201001,equipstar,白色2阶头盔,2,头盔
40201002,equipstar,绿色2阶头盔,2,头盔
40201003,equipstar,绿色2阶头盔,2,头盔
40201004,equipstar,绿色2阶头盔,2,头盔
40201005,equipstar,蓝色2阶头盔,2,头盔
40201006,equipstar,蓝色2阶头盔,2,头盔
40201007,equipstar,蓝色2阶头盔,2,头盔
40201008,equipstar,紫色2阶头盔,2,头盔
40201009,equipstar,紫色2阶头盔,2,头盔
40201010,equipstar,紫色2阶头盔,2,头盔
40201011,equipstar,橙色2阶头盔,2,头盔
40201012,equipstar,橙色2阶头盔,2,头盔
40201013,equipstar,橙色2阶头盔,2,头盔
40201014,equipstar,红色2阶头盔,2,头盔
40201015,equipstar,红色2阶头盔,2,头盔
40201016,equipstar,红色2阶头盔,2,头盔
40201017,equipstar,彩色2阶头盔,2,头盔
40201018,equipstar,彩色2阶头盔,2,头盔
40201019,equipstar,彩色2阶头盔,2,头盔
40202001,equipstar,白色2阶护臂,2,护臂
40202002,equipstar,绿色2阶护臂,2,护臂
40202003,equipstar,绿色2阶护臂,2,护臂
40202004,equipstar,绿色2阶护臂,2,护臂
40202005,equipstar,蓝色2阶护臂,2,护臂
40202006,equipstar,蓝色2阶护臂,2,护臂
40202007,equipstar,蓝色2阶护臂,2,护臂
40202008,equipstar,紫色2阶护臂,2,护臂
40202009,equipstar,紫色2阶护臂,2,护臂
40202010,equipstar,紫色2阶护臂,2,护臂
40202011,equipstar,橙色2阶护臂,2,护臂
40202012,equipstar,橙色2阶护臂,2,护臂
40202013,equipstar,橙色2阶护臂,2,护臂
40202014,equipstar,红色2阶护臂,2,护臂
40202015,equipstar,红色2阶护臂,2,护臂
40202016,equipstar,红色2阶护臂,2,护臂
40202017,equipstar,彩色2阶护臂,2,护臂
40202018,equipstar,彩色2阶护臂,2,护臂
40202019,equipstar,彩色2阶护臂,2,护臂
40203001,equipstar,白色2阶衣服,2,衣服
40203002,equipstar,绿色2阶衣服,2,衣服
40203003,equipstar,绿色2阶衣服,2,衣服
40203004,equipstar,绿色2阶衣服,2,衣服
40203005,equipstar,蓝色2阶衣服,2,衣服
40203006,equipstar,蓝色2阶衣服,2,衣服
40203007,equipstar,蓝色2阶衣服,2,衣服
40203008,equipstar,紫色2阶衣服,2,衣服
40203009,equipstar,紫色2阶衣服,2,衣服
40203010,equipstar,紫色2阶衣服,2,衣服
40203011,equipstar,橙色2阶衣服,2,衣服
40203012,equipstar,橙色2阶衣服,2,衣服
40203013,equipstar,橙色2阶衣服,2,衣服
40203014,equipstar,红色2阶衣服,2,衣服
40203015,equipstar,红色2阶衣服,2,衣服
40203016,equipstar,红色2阶衣服,2,衣服
40203017,equipstar,彩色2阶衣服,2,衣服
40203018,equipstar,彩色2阶衣服,2,衣服
40203019,equipstar,彩色2阶衣服,2,衣服
40204001,equipstar,白色2阶裤子,2,裤子
40204002,equipstar,绿色2阶裤子,2,裤子
40204003,equipstar,绿色2阶裤子,2,裤子
40204004,equipstar,绿色2阶裤子,2,裤子
40204005,equipstar,蓝色2阶裤子,2,裤子
40204006,equipstar,蓝色2阶裤子,2,裤子
40204007,equipstar,蓝色2阶裤子,2,裤子
40204008,equipstar,紫色2阶裤子,2,裤子
40204009,equipstar,紫色2阶裤子,2,裤子
40204010,equipstar,紫色2阶裤子,2,裤子
40204011,equipstar,橙色2阶裤子,2,裤子
40204012,equipstar,橙色2阶裤子,2,裤子
40204013,equipstar,橙色2阶裤子,2,裤子
40204014,equipstar,红色2阶裤子,2,裤子
40204015,equipstar,红色2阶裤子,2,裤子
40204016,equipstar,红色2阶裤子,2,裤子
40204017,equipstar,彩色2阶裤子,2,裤子
40204018,equipstar,彩色2阶裤子,2,裤子
40204019,equipstar,彩色2阶裤子,2,裤子
40205001,equipstar,白色2阶鞋子,2,鞋子
40205002,equipstar,绿色2阶鞋子,2,鞋子
40205003,equipstar,绿色2阶鞋子,2,鞋子
40205004,equipstar,绿色2阶鞋子,2,鞋子
40205005,equipstar,蓝色2阶鞋子,2,鞋子
40205006,equipstar,蓝色2阶鞋子,2,鞋子
40205007,equipstar,蓝色2阶鞋子,2,鞋子
40205008,equipstar,紫色2阶鞋子,2,鞋子
40205009,equipstar,紫色2阶鞋子,2,鞋子
40205010,equipstar,紫色2阶鞋子,2,鞋子
40205011,equipstar,橙色2阶鞋子,2,鞋子
40205012,equipstar,橙色2阶鞋子,2,鞋子
40205013,equipstar,橙色2阶鞋子,2,鞋子
40205014,equipstar,红色2阶鞋子,2,鞋子
40205015,equipstar,红色2阶鞋子,2,鞋子
40205016,equipstar,红色2阶鞋子,2,鞋子
40205017,equipstar,彩色2阶鞋子,2,鞋子
40205018,equipstar,彩色2阶鞋子,2,鞋子
40205019,equipstar,彩色2阶鞋子,2,鞋子
40206001,equipstar,白色2阶手套,2,手套
40206002,equipstar,绿色2阶手套,2,手套
40206003,equipstar,绿色2阶手套,2,手套
40206004,equipstar,绿色2阶手套,2,手套
40206005,equipstar,蓝色2阶手套,2,手套
40206006,equipstar,蓝色2阶手套,2,手套
40206007,equipstar,蓝色2阶手套,2,手套
40206008,equipstar,紫色2阶手套,2,手套
40206009,equipstar,紫色2阶手套,2,手套
40206010,equipstar,紫色2阶手套,2,手套
40206011,equipstar,橙色2阶手套,2,手套
40206012,equipstar,橙色2阶手套,2,手套
40206013,equipstar,橙色2阶手套,2,手套
40206014,equipstar,红色2阶手套,2,手套
40206015,equipstar,红色2阶手套,2,手套
40206016,equipstar,红色2阶手套,2,手套
40206017,equipstar,彩色2阶手套,2,手套
40206018,equipstar,彩色2阶手套,2,手套
40206019,equipstar,彩色2阶手套,2,手套
40301001,equipstar,白色3阶头盔,3,头盔
40301002,equipstar,绿色3阶头盔,3,头盔
40301003,equipstar,绿色3阶头盔,3,头盔
40301004,equipstar,绿色3阶头盔,3,头盔
40301005,equipstar,蓝色3阶头盔,3,头盔
40301006,equipstar,蓝色3阶头盔,3,头盔
40301007,equipstar,蓝色3阶头盔,3,头盔
40301008,equipstar,紫色3阶头盔,3,头盔
40301009,equipstar,紫色3阶头盔,3,头盔
40301010,equipstar,紫色3阶头盔,3,头盔
40301011,equipstar,橙色3阶头盔,3,头盔
40301012,equipstar,橙色3阶头盔,3,头盔
40301013,equipstar,橙色3阶头盔,3,头盔
40301014,equipstar,红色3阶头盔,3,头盔
40301015,equipstar,红色3阶头盔,3,头盔
40301016,equipstar,红色3阶头盔,3,头盔
40301017,equipstar,彩色3阶头盔,3,头盔
40301018,equipstar,彩色3阶头盔,3,头盔
40301019,equipstar,彩色3阶头盔,3,头盔
40302001,equipstar,白色3阶护臂,3,护臂
40302002,equipstar,绿色3阶护臂,3,护臂
40302003,equipstar,绿色3阶护臂,3,护臂
40302004,equipstar,绿色3阶护臂,3,护臂
40302005,equipstar,蓝色3阶护臂,3,护臂
40302006,equipstar,蓝色3阶护臂,3,护臂
40302007,equipstar,蓝色3阶护臂,3,护臂
40302008,equipstar,紫色3阶护臂,3,护臂
40302009,equipstar,紫色3阶护臂,3,护臂
40302010,equipstar,紫色3阶护臂,3,护臂
40302011,equipstar,橙色3阶护臂,3,护臂
40302012,equipstar,橙色3阶护臂,3,护臂
40302013,equipstar,橙色3阶护臂,3,护臂
40302014,equipstar,红色3阶护臂,3,护臂
40302015,equipstar,红色3阶护臂,3,护臂
40302016,equipstar,红色3阶护臂,3,护臂
40302017,equipstar,彩色3阶护臂,3,护臂
40302018,equipstar,彩色3阶护臂,3,护臂
40302019,equipstar,彩色3阶护臂,3,护臂
40303001,equipstar,白色3阶衣服,3,衣服
40303002,equipstar,绿色3阶衣服,3,衣服
40303003,equipstar,绿色3阶衣服,3,衣服
40303004,equipstar,绿色3阶衣服,3,衣服
40303005,equipstar,蓝色3阶衣服,3,衣服
40303006,equipstar,蓝色3阶衣服,3,衣服
40303007,equipstar,蓝色3阶衣服,3,衣服
40303008,equipstar,紫色3阶衣服,3,衣服
40303009,equipstar,紫色3阶衣服,3,衣服
40303010,equipstar,紫色3阶衣服,3,衣服
40303011,equipstar,橙色3阶衣服,3,衣服
40303012,equipstar,橙色3阶衣服,3,衣服
40303013,equipstar,橙色3阶衣服,3,衣服
40303014,equipstar,红色3阶衣服,3,衣服
40303015,equipstar,红色3阶衣服,3,衣服
40303016,equipstar,红色3阶衣服,3,衣服
40303017,equipstar,彩色3阶衣服,3,衣服
40303018,equipstar,彩色3阶衣服,3,衣服
40303019,equipstar,彩色3阶衣服,3,衣服
40304001,equipstar,白色3阶裤子,3,裤子
40304002,equipstar,绿色3阶裤子,3,裤子
40304003,equipstar,绿色3阶裤子,3,裤子
40304004,equipstar,绿色3阶裤子,3,裤子
40304005,equipstar,蓝色3阶裤子,3,裤子
40304006,equipstar,蓝色3阶裤子,3,裤子
40304007,equipstar,蓝色3阶裤子,3,裤子
40304008,equipstar,紫色3阶裤子,3,裤子
40304009,equipstar,紫色3阶裤子,3,裤子
40304010,equipstar,紫色3阶裤子,3,裤子
40304011,equipstar,橙色3阶裤子,3,裤子
40304012,equipstar,橙色3阶裤子,3,裤子
40304013,equipstar,橙色3阶裤子,3,裤子
40304014,equipstar,红色3阶裤子,3,裤子
40304015,equipstar,红色3阶裤子,3,裤子
40304016,equipstar,红色3阶裤子,3,裤子
40304017,equipstar,彩色3阶裤子,3,裤子
40304018,equipstar,彩色3阶裤子,3,裤子
40304019,equipstar,彩色3阶裤子,3,裤子
40305001,equipstar,白色3阶鞋子,3,鞋子
40305002,equipstar,绿色3阶鞋子,3,鞋子
40305003,equipstar,绿色3阶鞋子,3,鞋子
40305004,equipstar,绿色3阶鞋子,3,鞋子
40305005,equipstar,蓝色3阶鞋子,3,鞋子
40305006,equipstar,蓝色3阶鞋子,3,鞋子
40305007,equipstar,蓝色3阶鞋子,3,鞋子
40305008,equipstar,紫色3阶鞋子,3,鞋子
40305009,equipstar,紫色3阶鞋子,3,鞋子
40305010,equipstar,紫色3阶鞋子,3,鞋子
40305011,equipstar,橙色3阶鞋子,3,鞋子
40305012,equipstar,橙色3阶鞋子,3,鞋子
40305013,equipstar,橙色3阶鞋子,3,鞋子
40305014,equipstar,红色3阶鞋子,3,鞋子
40305015,equipstar,红色3阶鞋子,3,鞋子
40305016,equipstar,红色3阶鞋子,3,鞋子
40305017,equipstar,彩色3阶鞋子,3,鞋子
40305018,equipstar,彩色3阶鞋子,3,鞋子
40305019,equipstar,彩色3阶鞋子,3,鞋子
40306001,equipstar,白色3阶手套,3,手套
40306002,equipstar,绿色3阶手套,3,手套
40306003,equipstar,绿色3阶手套,3,手套
40306004,equipstar,绿色3阶手套,3,手套
40306005,equipstar,蓝色3阶手套,3,手套
40306006,equipstar,蓝色3阶手套,3,手套
40306007,equipstar,蓝色3阶手套,3,手套
40306008,equipstar,紫色3阶手套,3,手套
40306009,equipstar,紫色3阶手套,3,手套
40306010,equipstar,紫色3阶手套,3,手套
40306011,equipstar,橙色3阶手套,3,手套
40306012,equipstar,橙色3阶手套,3,手套
40306013,equipstar,橙色3阶手套,3,手套
40306014,equipstar,红色3阶手套,3,手套
40306015,equipstar,红色3阶手套,3,手套
40306016,equipstar,红色3阶手套,3,手套
40306017,equipstar,彩色3阶手套,3,手套
40306018,equipstar,彩色3阶手套,3,手套
40306019,equipstar,彩色3阶手套,3,手套
40401001,equipstar,白色4阶头盔,4,头盔
40401002,equipstar,绿色4阶头盔,4,头盔
40401003,equipstar,绿色4阶头盔,4,头盔
40401004,equipstar,绿色4阶头盔,4,头盔
40401005,equipstar,蓝色4阶头盔,4,头盔
40401006,equipstar,蓝色4阶头盔,4,头盔
40401007,equipstar,蓝色4阶头盔,4,头盔
40401008,equipstar,紫色4阶头盔,4,头盔
40401009,equipstar,紫色4阶头盔,4,头盔
40401010,equipstar,紫色4阶头盔,4,头盔
40401011,equipstar,橙色4阶头盔,4,头盔
40401012,equipstar,橙色4阶头盔,4,头盔
40401013,equipstar,橙色4阶头盔,4,头盔
40401014,equipstar,红色4阶头盔,4,头盔
40401015,equipstar,红色4阶头盔,4,头盔
40401016,equipstar,红色4阶头盔,4,头盔
40401017,equipstar,彩色4阶头盔,4,头盔
40401018,equipstar,彩色4阶头盔,4,头盔
40401019,equipstar,彩色4阶头盔,4,头盔
40402001,equipstar,白色4阶护臂,4,护臂
40402002,equipstar,绿色4阶护臂,4,护臂
40402003,equipstar,绿色4阶护臂,4,护臂
40402004,equipstar,绿色4阶护臂,4,护臂
40402005,equipstar,蓝色4阶护臂,4,护臂
40402006,equipstar,蓝色4阶护臂,4,护臂
40402007,equipstar,蓝色4阶护臂,4,护臂
40402008,equipstar,紫色4阶护臂,4,护臂
40402009,equipstar,紫色4阶护臂,4,护臂
40402010,equipstar,紫色4阶护臂,4,护臂
40402011,equipstar,橙色4阶护臂,4,护臂
40402012,equipstar,橙色4阶护臂,4,护臂
40402013,equipstar,橙色4阶护臂,4,护臂
40402014,equipstar,红色4阶护臂,4,护臂
40402015,equipstar,红色4阶护臂,4,护臂
40402016,equipstar,红色4阶护臂,4,护臂
40402017,equipstar,彩色4阶护臂,4,护臂
40402018,equipstar,彩色4阶护臂,4,护臂
40402019,equipstar,彩色4阶护臂,4,护臂
40403001,equipstar,白色4阶衣服,4,衣服
40403002,equipstar,绿色4阶衣服,4,衣服
40403003,equipstar,绿色4阶衣服,4,衣服
40403004,equipstar,绿色4阶衣服,4,衣服
40403005,equipstar,蓝色4阶衣服,4,衣服
40403006,equipstar,蓝色4阶衣服,4,衣服
40403007,equipstar,蓝色4阶衣服,4,衣服
40403008,equipstar,紫色4阶衣服,4,衣服
40403009,equipstar,紫色4阶衣服,4,衣服
40403010,equipstar,紫色4阶衣服,4,衣服
40403011,equipstar,橙色4阶衣服,4,衣服
40403012,equipstar,橙色4阶衣服,4,衣服
40403013,equipstar,橙色4阶衣服,4,衣服
40403014,equipstar,红色4阶衣服,4,衣服
40403015,equipstar,红色4阶衣服,4,衣服
40403016,equipstar,红色4阶衣服,4,衣服
40403017,equipstar,彩色4阶衣服,4,衣服
40403018,equipstar,彩色4阶衣服,4,衣服
40403019,equipstar,彩色4阶衣服,4,衣服
40404001,equipstar,白色4阶裤子,4,裤子
40404002,equipstar,绿色4阶裤子,4,裤子
40404003,equipstar,绿色4阶裤子,4,裤子
40404004,equipstar,绿色4阶裤子,4,裤子
40404005,equipstar,蓝色4阶裤子,4,裤子
40404006,equipstar,蓝色4阶裤子,4,裤子
40404007,equipstar,蓝色4阶裤子,4,裤子
40404008,equipstar,紫色4阶裤子,4,裤子
40404009,equipstar,紫色4阶裤子,4,裤子
40404010,equipstar,紫色4阶裤子,4,裤子
40404011,equipstar,橙色4阶裤子,4,裤子
40404012,equipstar,橙色4阶裤子,4,裤子
40404013,equipstar,橙色4阶裤子,4,裤子
40404014,equipstar,红色4阶裤子,4,裤子
40404015,equipstar,红色4阶裤子,4,裤子
40404016,equipstar,红色4阶裤子,4,裤子
40404017,equipstar,彩色4阶裤子,4,裤子
40404018,equipstar,彩色4阶裤子,4,裤子
40404019,equipstar,彩色4阶裤子,4,裤子
40405001,equipstar,白色4阶鞋子,4,鞋子
40405002,equipstar,绿色4阶鞋子,4,鞋子
40405003,equipstar,绿色4阶鞋子,4,鞋子
40405004,equipstar,绿色4阶鞋子,4,鞋子
40405005,equipstar,蓝色4阶鞋子,4,鞋子
40405006,equipstar,蓝色4阶鞋子,4,鞋子
40405007,equipstar,蓝色4阶鞋子,4,鞋子
40405008,equipstar,紫色4阶鞋子,4,鞋子
40405009,equipstar,紫色4阶鞋子,4,鞋子
40405010,equipstar,紫色4阶鞋子,4,鞋子
40405011,equipstar,橙色4阶鞋子,4,鞋子
40405012,equipstar,橙色4阶鞋子,4,鞋子
40405013,equipstar,橙色4阶鞋子,4,鞋子
40405014,equipstar,红色4阶鞋子,4,鞋子
40405015,equipstar,红色4阶鞋子,4,鞋子
40405016,equipstar,红色4阶鞋子,4,鞋子
40405017,equipstar,彩色4阶鞋子,4,鞋子
40405018,equipstar,彩色4阶鞋子,4,鞋子
40405019,equipstar,彩色4阶鞋子,4,鞋子
40406001,equipstar,白色4阶手套,4,手套
40406002,equipstar,绿色4阶手套,4,手套
40406003,equipstar,绿色4阶手套,4,手套
40406004,equipstar,绿色4阶手套,4,手套
40406005,equipstar,蓝色4阶手套,4,手套
40406006,equipstar,蓝色4阶手套,4,手套
40406007,equipstar,蓝色4阶手套,4,手套
40406008,equipstar,紫色4阶手套,4,手套
40406009,equipstar,紫色4阶手套,4,手套
40406010,equipstar,紫色4阶手套,4,手套
40406011,equipstar,橙色4阶手套,4,手套
40406012,equipstar,橙色4阶手套,4,手套
40406013,equipstar,橙色4阶手套,4,手套
40406014,equipstar,红色4阶手套,4,手套
40406015,equipstar,红色4阶手套,4,手套
40406016,equipstar,红色4阶手套,4,手套
40406017,equipstar,彩色4阶手套,4,手套
40406018,equipstar,彩色4阶手套,4,手套
40406019,equipstar,彩色4阶手套,4,手套
40501001,equipstar,白色5阶头盔,5,头盔
40501002,equipstar,绿色5阶头盔,5,头盔
40501003,equipstar,绿色5阶头盔,5,头盔
40501004,equipstar,绿色5阶头盔,5,头盔
40501005,equipstar,蓝色5阶头盔,5,头盔
40501006,equipstar,蓝色5阶头盔,5,头盔
40501007,equipstar,蓝色5阶头盔,5,头盔
40501008,equipstar,紫色5阶头盔,5,头盔
40501009,equipstar,紫色5阶头盔,5,头盔
40501010,equipstar,紫色5阶头盔,5,头盔
40501011,equipstar,橙色5阶头盔,5,头盔
40501012,equipstar,橙色5阶头盔,5,头盔
40501013,equipstar,橙色5阶头盔,5,头盔
40501014,equipstar,红色5阶头盔,5,头盔
40501015,equipstar,红色5阶头盔,5,头盔
40501016,equipstar,红色5阶头盔,5,头盔
40501017,equipstar,彩色5阶头盔,5,头盔
40501018,equipstar,彩色5阶头盔,5,头盔
40501019,equipstar,彩色5阶头盔,5,头盔
40502001,equipstar,白色5阶护臂,5,护臂
40502002,equipstar,绿色5阶护臂,5,护臂
40502003,equipstar,绿色5阶护臂,5,护臂
40502004,equipstar,绿色5阶护臂,5,护臂
40502005,equipstar,蓝色5阶护臂,5,护臂
40502006,equipstar,蓝色5阶护臂,5,护臂
40502007,equipstar,蓝色5阶护臂,5,护臂
40502008,equipstar,紫色5阶护臂,5,护臂
40502009,equipstar,紫色5阶护臂,5,护臂
40502010,equipstar,紫色5阶护臂,5,护臂
40502011,equipstar,橙色5阶护臂,5,护臂
40502012,equipstar,橙色5阶护臂,5,护臂
40502013,equipstar,橙色5阶护臂,5,护臂
40502014,equipstar,红色5阶护臂,5,护臂
40502015,equipstar,红色5阶护臂,5,护臂
40502016,equipstar,红色5阶护臂,5,护臂
40502017,equipstar,彩色5阶护臂,5,护臂
40502018,equipstar,彩色5阶护臂,5,护臂
40502019,equipstar,彩色5阶护臂,5,护臂
40503001,equipstar,白色5阶衣服,5,衣服
40503002,equipstar,绿色5阶衣服,5,衣服
40503003,equipstar,绿色5阶衣服,5,衣服
40503004,equipstar,绿色5阶衣服,5,衣服
40503005,equipstar,蓝色5阶衣服,5,衣服
40503006,equipstar,蓝色5阶衣服,5,衣服
40503007,equipstar,蓝色5阶衣服,5,衣服
40503008,equipstar,紫色5阶衣服,5,衣服
40503009,equipstar,紫色5阶衣服,5,衣服
40503010,equipstar,紫色5阶衣服,5,衣服
40503011,equipstar,橙色5阶衣服,5,衣服
40503012,equipstar,橙色5阶衣服,5,衣服
40503013,equipstar,橙色5阶衣服,5,衣服
40503014,equipstar,红色5阶衣服,5,衣服
40503015,equipstar,红色5阶衣服,5,衣服
40503016,equipstar,红色5阶衣服,5,衣服
40503017,equipstar,彩色5阶衣服,5,衣服
40503018,equipstar,彩色5阶衣服,5,衣服
40503019,equipstar,彩色5阶衣服,5,衣服
40504001,equipstar,白色5阶裤子,5,裤子
40504002,equipstar,绿色5阶裤子,5,裤子
40504003,equipstar,绿色5阶裤子,5,裤子
40504004,equipstar,绿色5阶裤子,5,裤子
40504005,equipstar,蓝色5阶裤子,5,裤子
40504006,equipstar,蓝色5阶裤子,5,裤子
40504007,equipstar,蓝色5阶裤子,5,裤子
40504008,equipstar,紫色5阶裤子,5,裤子
40504009,equipstar,紫色5阶裤子,5,裤子
40504010,equipstar,紫色5阶裤子,5,裤子
40504011,equipstar,橙色5阶裤子,5,裤子
40504012,equipstar,橙色5阶裤子,5,裤子
40504013,equipstar,橙色5阶裤子,5,裤子
40504014,equipstar,红色5阶裤子,5,裤子
40504015,equipstar,红色5阶裤子,5,裤子
40504016,equipstar,红色5阶裤子,5,裤子
40504017,equipstar,彩色5阶裤子,5,裤子
40504018,equipstar,彩色5阶裤子,5,裤子
40504019,equipstar,彩色5阶裤子,5,裤子
40505001,equipstar,白色5阶鞋子,5,鞋子
40505002,equipstar,绿色5阶鞋子,5,鞋子
40505003,equipstar,绿色5阶鞋子,5,鞋子
40505004,equipstar,绿色5阶鞋子,5,鞋子
40505005,equipstar,蓝色5阶鞋子,5,鞋子
40505006,equipstar,蓝色5阶鞋子,5,鞋子
40505007,equipstar,蓝色5阶鞋子,5,鞋子
40505008,equipstar,紫色5阶鞋子,5,鞋子
40505009,equipstar,紫色5阶鞋子,5,鞋子
40505010,equipstar,紫色5阶鞋子,5,鞋子
40505011,equipstar,橙色5阶鞋子,5,鞋子
40505012,equipstar,橙色5阶鞋子,5,鞋子
40505013,equipstar,橙色5阶鞋子,5,鞋子
40505014,equipstar,红色5阶鞋子,5,鞋子
40505015,equipstar,红色5阶鞋子,5,鞋子
40505016,equipstar,红色5阶鞋子,5,鞋子
40505017,equipstar,彩色5阶鞋子,5,鞋子
40505018,equipstar,彩色5阶鞋子,5,鞋子
40505019,equipstar,彩色5阶鞋子,5,鞋子
40506001,equipstar,白色5阶手套,5,手套
40506002,equipstar,绿色5阶手套,5,手套
40506003,equipstar,绿色5阶手套,5,手套
40506004,equipstar,绿色5阶手套,5,手套
40506005,equipstar,蓝色5阶手套,5,手套
40506006,equipstar,蓝色5阶手套,5,手套
40506007,equipstar,蓝色5阶手套,5,手套
40506008,equipstar,紫色5阶手套,5,手套
40506009,equipstar,紫色5阶手套,5,手套
40506010,equipstar,紫色5阶手套,5,手套
40506011,equipstar,橙色5阶手套,5,手套
40506012,equipstar,橙色5阶手套,5,手套
40506013,equipstar,橙色5阶手套,5,手套
40506014,equipstar,红色5阶手套,5,手套
40506015,equipstar,红色5阶手套,5,手套
40506016,equipstar,红色5阶手套,5,手套
40506017,equipstar,彩色5阶手套,5,手套
40506018,equipstar,彩色5阶手套,5,手套
40506019,equipstar,彩色5阶手套,5,手套
40601001,equipstar,白色6阶头盔,6,头盔
40601002,equipstar,绿色6阶头盔,6,头盔
40601003,equipstar,绿色6阶头盔,6,头盔
40601004,equipstar,绿色6阶头盔,6,头盔
40601005,equipstar,蓝色6阶头盔,6,头盔
40601006,equipstar,蓝色6阶头盔,6,头盔
40601007,equipstar,蓝色6阶头盔,6,头盔
40601008,equipstar,紫色6阶头盔,6,头盔
40601009,equipstar,紫色6阶头盔,6,头盔
40601010,equipstar,紫色6阶头盔,6,头盔
40601011,equipstar,橙色6阶头盔,6,头盔
40601012,equipstar,橙色6阶头盔,6,头盔
40601013,equipstar,橙色6阶头盔,6,头盔
40601014,equipstar,红色6阶头盔,6,头盔
40601015,equipstar,红色6阶头盔,6,头盔
40601016,equipstar,红色6阶头盔,6,头盔
40601017,equipstar,彩色6阶头盔,6,头盔
40601018,equipstar,彩色6阶头盔,6,头盔
40601019,equipstar,彩色6阶头盔,6,头盔
40602001,equipstar,白色6阶护臂,6,护臂
40602002,equipstar,绿色6阶护臂,6,护臂
40602003,equipstar,绿色6阶护臂,6,护臂
40602004,equipstar,绿色6阶护臂,6,护臂
40602005,equipstar,蓝色6阶护臂,6,护臂
40602006,equipstar,蓝色6阶护臂,6,护臂
40602007,equipstar,蓝色6阶护臂,6,护臂
40602008,equipstar,紫色6阶护臂,6,护臂
40602009,equipstar,紫色6阶护臂,6,护臂
40602010,equipstar,紫色6阶护臂,6,护臂
40602011,equipstar,橙色6阶护臂,6,护臂
40602012,equipstar,橙色6阶护臂,6,护臂
40602013,equipstar,橙色6阶护臂,6,护臂
40602014,equipstar,红色6阶护臂,6,护臂
40602015,equipstar,红色6阶护臂,6,护臂
40602016,equipstar,红色6阶护臂,6,护臂
40602017,equipstar,彩色6阶护臂,6,护臂
40602018,equipstar,彩色6阶护臂,6,护臂
40602019,equipstar,彩色6阶护臂,6,护臂
40603001,equipstar,白色6阶衣服,6,衣服
40603002,equipstar,绿色6阶衣服,6,衣服
40603003,equipstar,绿色6阶衣服,6,衣服
40603004,equipstar,绿色6阶衣服,6,衣服
40603005,equipstar,蓝色6阶衣服,6,衣服
40603006,equipstar,蓝色6阶衣服,6,衣服
40603007,equipstar,蓝色6阶衣服,6,衣服
40603008,equipstar,紫色6阶衣服,6,衣服
40603009,equipstar,紫色6阶衣服,6,衣服
40603010,equipstar,紫色6阶衣服,6,衣服
40603011,equipstar,橙色6阶衣服,6,衣服
40603012,equipstar,橙色6阶衣服,6,衣服
40603013,equipstar,橙色6阶衣服,6,衣服
40603014,equipstar,红色6阶衣服,6,衣服
40603015,equipstar,红色6阶衣服,6,衣服
40603016,equipstar,红色6阶衣服,6,衣服
40603017,equipstar,彩色6阶衣服,6,衣服
40603018,equipstar,彩色6阶衣服,6,衣服
40603019,equipstar,彩色6阶衣服,6,衣服
40604001,equipstar,白色6阶裤子,6,裤子
40604002,equipstar,绿色6阶裤子,6,裤子
40604003,equipstar,绿色6阶裤子,6,裤子
40604004,equipstar,绿色6阶裤子,6,裤子
40604005,equipstar,蓝色6阶裤子,6,裤子
40604006,equipstar,蓝色6阶裤子,6,裤子
40604007,equipstar,蓝色6阶裤子,6,裤子
40604008,equipstar,紫色6阶裤子,6,裤子
40604009,equipstar,紫色6阶裤子,6,裤子
40604010,equipstar,紫色6阶裤子,6,裤子
40604011,equipstar,橙色6阶裤子,6,裤子
40604012,equipstar,橙色6阶裤子,6,裤子
40604013,equipstar,橙色6阶裤子,6,裤子
40604014,equipstar,红色6阶裤子,6,裤子
40604015,equipstar,红色6阶裤子,6,裤子
40604016,equipstar,红色6阶裤子,6,裤子
40604017,equipstar,彩色6阶裤子,6,裤子
40604018,equipstar,彩色6阶裤子,6,裤子
40604019,equipstar,彩色6阶裤子,6,裤子
40605001,equipstar,白色6阶鞋子,6,鞋子
40605002,equipstar,绿色6阶鞋子,6,鞋子
40605003,equipstar,绿色6阶鞋子,6,鞋子
40605004,equipstar,绿色6阶鞋子,6,鞋子
40605005,equipstar,蓝色6阶鞋子,6,鞋子
40605006,equipstar,蓝色6阶鞋子,6,鞋子
40605007,equipstar,蓝色6阶鞋子,6,鞋子
40605008,equipstar,紫色6阶鞋子,6,鞋子
40605009,equipstar,紫色6阶鞋子,6,鞋子
40605010,equipstar,紫色6阶鞋子,6,鞋子
40605011,equipstar,橙色6阶鞋子,6,鞋子
40605012,equipstar,橙色6阶鞋子,6,鞋子
40605013,equipstar,橙色6阶鞋子,6,鞋子
40605014,equipstar,红色6阶鞋子,6,鞋子
40605015,equipstar,红色6阶鞋子,6,鞋子
40605016,equipstar,红色6阶鞋子,6,鞋子
40605017,equipstar,彩色6阶鞋子,6,鞋子
40605018,equipstar,彩色6阶鞋子,6,鞋子
40605019,equipstar,彩色6阶鞋子,6,鞋子
40606001,equipstar,白色6阶手套,6,手套
40606002,equipstar,绿色6阶手套,6,手套
40606003,equipstar,绿色6阶手套,6,手套
40606004,equipstar,绿色6阶手套,6,手套
40606005,equipstar,蓝色6阶手套,6,手套
40606006,equipstar,蓝色6阶手套,6,手套
40606007,equipstar,蓝色6阶手套,6,手套
40606008,equipstar,紫色6阶手套,6,手套
40606009,equipstar,紫色6阶手套,6,手套
40606010,equipstar,紫色6阶手套,6,手套
40606011,equipstar,橙色6阶手套,6,手套
40606012,equipstar,橙色6阶手套,6,手套
40606013,equipstar,橙色6阶手套,6,手套
40606014,equipstar,红色6阶手套,6,手套
40606015,equipstar,红色6阶手套,6,手套
40606016,equipstar,红色6阶手套,6,手套
40606017,equipstar,彩色6阶手套,6,手套
40606018,equipstar,彩色6阶手套,6,手套
40606019,equipstar,彩色6阶手套,6,手套
40701001,equipstar,白色7阶头盔,7,头盔
40701002,equipstar,绿色7阶头盔,7,头盔
40701003,equipstar,绿色7阶头盔,7,头盔
40701004,equipstar,绿色7阶头盔,7,头盔
40701005,equipstar,蓝色7阶头盔,7,头盔
40701006,equipstar,蓝色7阶头盔,7,头盔
40701007,equipstar,蓝色7阶头盔,7,头盔
40701008,equipstar,紫色7阶头盔,7,头盔
40701009,equipstar,紫色7阶头盔,7,头盔
40701010,equipstar,紫色7阶头盔,7,头盔
40701011,equipstar,橙色7阶头盔,7,头盔
40701012,equipstar,橙色7阶头盔,7,头盔
40701013,equipstar,橙色7阶头盔,7,头盔
40701014,equipstar,红色7阶头盔,7,头盔
40701015,equipstar,红色7阶头盔,7,头盔
40701016,equipstar,红色7阶头盔,7,头盔
40701017,equipstar,彩色7阶头盔,7,头盔
40701018,equipstar,彩色7阶头盔,7,头盔
40701019,equipstar,彩色7阶头盔,7,头盔
40702001,equipstar,白色7阶护臂,7,护臂
40702002,equipstar,绿色7阶护臂,7,护臂
40702003,equipstar,绿色7阶护臂,7,护臂
40702004,equipstar,绿色7阶护臂,7,护臂
40702005,equipstar,蓝色7阶护臂,7,护臂
40702006,equipstar,蓝色7阶护臂,7,护臂
40702007,equipstar,蓝色7阶护臂,7,护臂
40702008,equipstar,紫色7阶护臂,7,护臂
40702009,equipstar,紫色7阶护臂,7,护臂
40702010,equipstar,紫色7阶护臂,7,护臂
40702011,equipstar,橙色7阶护臂,7,护臂
40702012,equipstar,橙色7阶护臂,7,护臂
40702013,equipstar,橙色7阶护臂,7,护臂
40702014,equipstar,红色7阶护臂,7,护臂
40702015,equipstar,红色7阶护臂,7,护臂
40702016,equipstar,红色7阶护臂,7,护臂
40702017,equipstar,彩色7阶护臂,7,护臂
40702018,equipstar,彩色7阶护臂,7,护臂
40702019,equipstar,彩色7阶护臂,7,护臂
40703001,equipstar,白色7阶衣服,7,衣服
40703002,equipstar,绿色7阶衣服,7,衣服
40703003,equipstar,绿色7阶衣服,7,衣服
40703004,equipstar,绿色7阶衣服,7,衣服
40703005,equipstar,蓝色7阶衣服,7,衣服
40703006,equipstar,蓝色7阶衣服,7,衣服
40703007,equipstar,蓝色7阶衣服,7,衣服
40703008,equipstar,紫色7阶衣服,7,衣服
40703009,equipstar,紫色7阶衣服,7,衣服
40703010,equipstar,紫色7阶衣服,7,衣服
40703011,equipstar,橙色7阶衣服,7,衣服
40703012,equipstar,橙色7阶衣服,7,衣服
40703013,equipstar,橙色7阶衣服,7,衣服
40703014,equipstar,红色7阶衣服,7,衣服
40703015,equipstar,红色7阶衣服,7,衣服
40703016,equipstar,红色7阶衣服,7,衣服
40703017,equipstar,彩色7阶衣服,7,衣服
40703018,equipstar,彩色7阶衣服,7,衣服
40703019,equipstar,彩色7阶衣服,7,衣服
40704001,equipstar,白色7阶裤子,7,裤子
40704002,equipstar,绿色7阶裤子,7,裤子
40704003,equipstar,绿色7阶裤子,7,裤子
40704004,equipstar,绿色7阶裤子,7,裤子
40704005,equipstar,蓝色7阶裤子,7,裤子
40704006,equipstar,蓝色7阶裤子,7,裤子
40704007,equipstar,蓝色7阶裤子,7,裤子
40704008,equipstar,紫色7阶裤子,7,裤子
40704009,equipstar,紫色7阶裤子,7,裤子
40704010,equipstar,紫色7阶裤子,7,裤子
40704011,equipstar,橙色7阶裤子,7,裤子
40704012,equipstar,橙色7阶裤子,7,裤子
40704013,equipstar,橙色7阶裤子,7,裤子
40704014,equipstar,红色7阶裤子,7,裤子
40704015,equipstar,红色7阶裤子,7,裤子
40704016,equipstar,红色7阶裤子,7,裤子
40704017,equipstar,彩色7阶裤子,7,裤子
40704018,equipstar,彩色7阶裤子,7,裤子
40704019,equipstar,彩色7阶裤子,7,裤子
40705001,equipstar,白色7阶鞋子,7,鞋子
40705002,equipstar,绿色7阶鞋子,7,鞋子
40705003,equipstar,绿色7阶鞋子,7,鞋子
40705004,equipstar,绿色7阶鞋子,7,鞋子
40705005,equipstar,蓝色7阶鞋子,7,鞋子
40705006,equipstar,蓝色7阶鞋子,7,鞋子
40705007,equipstar,蓝色7阶鞋子,7,鞋子
40705008,equipstar,紫色7阶鞋子,7,鞋子
40705009,equipstar,紫色7阶鞋子,7,鞋子
40705010,equipstar,紫色7阶鞋子,7,鞋子
40705011,equipstar,橙色7阶鞋子,7,鞋子
40705012,equipstar,橙色7阶鞋子,7,鞋子
40705013,equipstar,橙色7阶鞋子,7,鞋子
40705014,equipstar,红色7阶鞋子,7,鞋子
40705015,equipstar,红色7阶鞋子,7,鞋子
40705016,equipstar,红色7阶鞋子,7,鞋子
40705017,equipstar,彩色7阶鞋子,7,鞋子
40705018,equipstar,彩色7阶鞋子,7,鞋子
40705019,equipstar,彩色7阶鞋子,7,鞋子
40706001,equipstar,白色7阶手套,7,手套
40706002,equipstar,绿色7阶手套,7,手套
40706003,equipstar,绿色7阶手套,7,手套
40706004,equipstar,绿色7阶手套,7,手套
40706005,equipstar,蓝色7阶手套,7,手套
40706006,equipstar,蓝色7阶手套,7,手套
40706007,equipstar,蓝色7阶手套,7,手套
40706008,equipstar,紫色7阶手套,7,手套
40706009,equipstar,紫色7阶手套,7,手套
40706010,equipstar,紫色7阶手套,7,手套
40706011,equipstar,橙色7阶手套,7,手套
40706012,equipstar,橙色7阶手套,7,手套
40706013,equipstar,橙色7阶手套,7,手套
40706014,equipstar,红色7阶手套,7,手套
40706015,equipstar,红色7阶手套,7,手套
40706016,equipstar,红色7阶手套,7,手套
40706017,equipstar,彩色7阶手套,7,手套
40706018,equipstar,彩色7阶手套,7,手套
40706019,equipstar,彩色7阶手套,7,手套
40801001,equipstar,白色8阶头盔,8,头盔
40801002,equipstar,绿色8阶头盔,8,头盔
40801003,equipstar,绿色8阶头盔,8,头盔
40801004,equipstar,绿色8阶头盔,8,头盔
40801005,equipstar,蓝色8阶头盔,8,头盔
40801006,equipstar,蓝色8阶头盔,8,头盔
40801007,equipstar,蓝色8阶头盔,8,头盔
40801008,equipstar,紫色8阶头盔,8,头盔
40801009,equipstar,紫色8阶头盔,8,头盔
40801010,equipstar,紫色8阶头盔,8,头盔
40801011,equipstar,橙色8阶头盔,8,头盔
40801012,equipstar,橙色8阶头盔,8,头盔
40801013,equipstar,橙色8阶头盔,8,头盔
40801014,equipstar,红色8阶头盔,8,头盔
40801015,equipstar,红色8阶头盔,8,头盔
40801016,equipstar,红色8阶头盔,8,头盔
40801017,equipstar,彩色8阶头盔,8,头盔
40801018,equipstar,彩色8阶头盔,8,头盔
40801019,equipstar,彩色8阶头盔,8,头盔
40802001,equipstar,白色8阶护臂,8,护臂
40802002,equipstar,绿色8阶护臂,8,护臂
40802003,equipstar,绿色8阶护臂,8,护臂
40802004,equipstar,绿色8阶护臂,8,护臂
40802005,equipstar,蓝色8阶护臂,8,护臂
40802006,equipstar,蓝色8阶护臂,8,护臂
40802007,equipstar,蓝色8阶护臂,8,护臂
40802008,equipstar,紫色8阶护臂,8,护臂
40802009,equipstar,紫色8阶护臂,8,护臂
40802010,equipstar,紫色8阶护臂,8,护臂
40802011,equipstar,橙色8阶护臂,8,护臂
40802012,equipstar,橙色8阶护臂,8,护臂
40802013,equipstar,橙色8阶护臂,8,护臂
40802014,equipstar,红色8阶护臂,8,护臂
40802015,equipstar,红色8阶护臂,8,护臂
40802016,equipstar,红色8阶护臂,8,护臂
40802017,equipstar,彩色8阶护臂,8,护臂
40802018,equipstar,彩色8阶护臂,8,护臂
40802019,equipstar,彩色8阶护臂,8,护臂
40803001,equipstar,白色8阶衣服,8,衣服
40803002,equipstar,绿色8阶衣服,8,衣服
40803003,equipstar,绿色8阶衣服,8,衣服
40803004,equipstar,绿色8阶衣服,8,衣服
40803005,equipstar,蓝色8阶衣服,8,衣服
40803006,equipstar,蓝色8阶衣服,8,衣服
40803007,equipstar,蓝色8阶衣服,8,衣服
40803008,equipstar,紫色8阶衣服,8,衣服
40803009,equipstar,紫色8阶衣服,8,衣服
40803010,equipstar,紫色8阶衣服,8,衣服
40803011,equipstar,橙色8阶衣服,8,衣服
40803012,equipstar,橙色8阶衣服,8,衣服
40803013,equipstar,橙色8阶衣服,8,衣服
40803014,equipstar,红色8阶衣服,8,衣服
40803015,equipstar,红色8阶衣服,8,衣服
40803016,equipstar,红色8阶衣服,8,衣服
40803017,equipstar,彩色8阶衣服,8,衣服
40803018,equipstar,彩色8阶衣服,8,衣服
40803019,equipstar,彩色8阶衣服,8,衣服
40804001,equipstar,白色8阶裤子,8,裤子
40804002,equipstar,绿色8阶裤子,8,裤子
40804003,equipstar,绿色8阶裤子,8,裤子
40804004,equipstar,绿色8阶裤子,8,裤子
40804005,equipstar,蓝色8阶裤子,8,裤子
40804006,equipstar,蓝色8阶裤子,8,裤子
40804007,equipstar,蓝色8阶裤子,8,裤子
40804008,equipstar,紫色8阶裤子,8,裤子
40804009,equipstar,紫色8阶裤子,8,裤子
40804010,equipstar,紫色8阶裤子,8,裤子
40804011,equipstar,橙色8阶裤子,8,裤子
40804012,equipstar,橙色8阶裤子,8,裤子
40804013,equipstar,橙色8阶裤子,8,裤子
40804014,equipstar,红色8阶裤子,8,裤子
40804015,equipstar,红色8阶裤子,8,裤子
40804016,equipstar,红色8阶裤子,8,裤子
40804017,equipstar,彩色8阶裤子,8,裤子
40804018,equipstar,彩色8阶裤子,8,裤子
40804019,equipstar,彩色8阶裤子,8,裤子
40805001,equipstar,白色8阶鞋子,8,鞋子
40805002,equipstar,绿色8阶鞋子,8,鞋子
40805003,equipstar,绿色8阶鞋子,8,鞋子
40805004,equipstar,绿色8阶鞋子,8,鞋子
40805005,equipstar,蓝色8阶鞋子,8,鞋子
40805006,equipstar,蓝色8阶鞋子,8,鞋子
40805007,equipstar,蓝色8阶鞋子,8,鞋子
40805008,equipstar,紫色8阶鞋子,8,鞋子
40805009,equipstar,紫色8阶鞋子,8,鞋子
40805010,equipstar,紫色8阶鞋子,8,鞋子
40805011,equipstar,橙色8阶鞋子,8,鞋子
40805012,equipstar,橙色8阶鞋子,8,鞋子
40805013,equipstar,橙色8阶鞋子,8,鞋子
40805014,equipstar,红色8阶鞋子,8,鞋子
40805015,equipstar,红色8阶鞋子,8,鞋子
40805016,equipstar,红色8阶鞋子,8,鞋子
40805017,equipstar,彩色8阶鞋子,8,鞋子
40805018,equipstar,彩色8阶鞋子,8,鞋子
40805019,equipstar,彩色8阶鞋子,8,鞋子
40806001,equipstar,白色8阶手套,8,手套
40806002,equipstar,绿色8阶手套,8,手套
40806003,equipstar,绿色8阶手套,8,手套
40806004,equipstar,绿色8阶手套,8,手套
40806005,equipstar,蓝色8阶手套,8,手套
40806006,equipstar,蓝色8阶手套,8,手套
40806007,equipstar,蓝色8阶手套,8,手套
40806008,equipstar,紫色8阶手套,8,手套
40806009,equipstar,紫色8阶手套,8,手套
40806010,equipstar,紫色8阶手套,8,手套
40806011,equipstar,橙色8阶手套,8,手套
40806012,equipstar,橙色8阶手套,8,手套
40806013,equipstar,橙色8阶手套,8,手套
40806014,equipstar,红色8阶手套,8,手套
40806015,equipstar,红色8阶手套,8,手套
40806016,equipstar,红色8阶手套,8,手套
40806017,equipstar,彩色8阶手套,8,手套
40806018,equipstar,彩色8阶手套,8,手套
40806019,equipstar,彩色8阶手套,8,手套
40901001,equipstar,白色9阶头盔,9,头盔
40901002,equipstar,绿色9阶头盔,9,头盔
40901003,equipstar,绿色9阶头盔,9,头盔
40901004,equipstar,绿色9阶头盔,9,头盔
40901005,equipstar,蓝色9阶头盔,9,头盔
40901006,equipstar,蓝色9阶头盔,9,头盔
40901007,equipstar,蓝色9阶头盔,9,头盔
40901008,equipstar,紫色9阶头盔,9,头盔
40901009,equipstar,紫色9阶头盔,9,头盔
40901010,equipstar,紫色9阶头盔,9,头盔
40901011,equipstar,橙色9阶头盔,9,头盔
40901012,equipstar,橙色9阶头盔,9,头盔
40901013,equipstar,橙色9阶头盔,9,头盔
40901014,equipstar,红色9阶头盔,9,头盔
40901015,equipstar,红色9阶头盔,9,头盔
40901016,equipstar,红色9阶头盔,9,头盔
40901017,equipstar,彩色9阶头盔,9,头盔
40901018,equipstar,彩色9阶头盔,9,头盔
40901019,equipstar,彩色9阶头盔,9,头盔
40902001,equipstar,白色9阶护臂,9,护臂
40902002,equipstar,绿色9阶护臂,9,护臂
40902003,equipstar,绿色9阶护臂,9,护臂
40902004,equipstar,绿色9阶护臂,9,护臂
40902005,equipstar,蓝色9阶护臂,9,护臂
40902006,equipstar,蓝色9阶护臂,9,护臂
40902007,equipstar,蓝色9阶护臂,9,护臂
40902008,equipstar,紫色9阶护臂,9,护臂
40902009,equipstar,紫色9阶护臂,9,护臂
40902010,equipstar,紫色9阶护臂,9,护臂
40902011,equipstar,橙色9阶护臂,9,护臂
40902012,equipstar,橙色9阶护臂,9,护臂
40902013,equipstar,橙色9阶护臂,9,护臂
40902014,equipstar,红色9阶护臂,9,护臂
40902015,equipstar,红色9阶护臂,9,护臂
40902016,equipstar,红色9阶护臂,9,护臂
40902017,equipstar,彩色9阶护臂,9,护臂
40902018,equipstar,彩色9阶护臂,9,护臂
40902019,equipstar,彩色9阶护臂,9,护臂
40903001,equipstar,白色9阶衣服,9,衣服
40903002,equipstar,绿色9阶衣服,9,衣服
40903003,equipstar,绿色9阶衣服,9,衣服
40903004,equipstar,绿色9阶衣服,9,衣服
40903005,equipstar,蓝色9阶衣服,9,衣服
40903006,equipstar,蓝色9阶衣服,9,衣服
40903007,equipstar,蓝色9阶衣服,9,衣服
40903008,equipstar,紫色9阶衣服,9,衣服
40903009,equipstar,紫色9阶衣服,9,衣服
40903010,equipstar,紫色9阶衣服,9,衣服
40903011,equipstar,橙色9阶衣服,9,衣服
40903012,equipstar,橙色9阶衣服,9,衣服
40903013,equipstar,橙色9阶衣服,9,衣服
40903014,equipstar,红色9阶衣服,9,衣服
40903015,equipstar,红色9阶衣服,9,衣服
40903016,equipstar,红色9阶衣服,9,衣服
40903017,equipstar,彩色9阶衣服,9,衣服
40903018,equipstar,彩色9阶衣服,9,衣服
40903019,equipstar,彩色9阶衣服,9,衣服
40904001,equipstar,白色9阶裤子,9,裤子
40904002,equipstar,绿色9阶裤子,9,裤子
40904003,equipstar,绿色9阶裤子,9,裤子
40904004,equipstar,绿色9阶裤子,9,裤子
40904005,equipstar,蓝色9阶裤子,9,裤子
40904006,equipstar,蓝色9阶裤子,9,裤子
40904007,equipstar,蓝色9阶裤子,9,裤子
40904008,equipstar,紫色9阶裤子,9,裤子
40904009,equipstar,紫色9阶裤子,9,裤子
40904010,equipstar,紫色9阶裤子,9,裤子
40904011,equipstar,橙色9阶裤子,9,裤子
40904012,equipstar,橙色9阶裤子,9,裤子
40904013,equipstar,橙色9阶裤子,9,裤子
40904014,equipstar,红色9阶裤子,9,裤子
40904015,equipstar,红色9阶裤子,9,裤子
40904016,equipstar,红色9阶裤子,9,裤子
40904017,equipstar,彩色9阶裤子,9,裤子
40904018,equipstar,彩色9阶裤子,9,裤子
40904019,equipstar,彩色9阶裤子,9,裤子
40905001,equipstar,白色9阶鞋子,9,鞋子
40905002,equipstar,绿色9阶鞋子,9,鞋子
40905003,equipstar,绿色9阶鞋子,9,鞋子
40905004,equipstar,绿色9阶鞋子,9,鞋子
40905005,equipstar,蓝色9阶鞋子,9,鞋子
40905006,equipstar,蓝色9阶鞋子,9,鞋子
40905007,equipstar,蓝色9阶鞋子,9,鞋子
40905008,equipstar,紫色9阶鞋子,9,鞋子
40905009,equipstar,紫色9阶鞋子,9,鞋子
40905010,equipstar,紫色9阶鞋子,9,鞋子
40905011,equipstar,橙色9阶鞋子,9,鞋子
40905012,equipstar,橙色9阶鞋子,9,鞋子
40905013,equipstar,橙色9阶鞋子,9,鞋子
40905014,equipstar,红色9阶鞋子,9,鞋子
40905015,equipstar,红色9阶鞋子,9,鞋子
40905016,equipstar,红色9阶鞋子,9,鞋子
40905017,equipstar,彩色9阶鞋子,9,鞋子
40905018,equipstar,彩色9阶鞋子,9,鞋子
40905019,equipstar,彩色9阶鞋子,9,鞋子
40906001,equipstar,白色9阶手套,9,手套
40906002,equipstar,绿色9阶手套,9,手套
40906003,equipstar,绿色9阶手套,9,手套
40906004,equipstar,绿色9阶手套,9,手套
40906005,equipstar,蓝色9阶手套,9,手套
40906006,equipstar,蓝色9阶手套,9,手套
40906007,equipstar,蓝色9阶手套,9,手套
40906008,equipstar,紫色9阶手套,9,手套
40906009,equipstar,紫色9阶手套,9,手套
40906010,equipstar,紫色9阶手套,9,手套
40906011,equipstar,橙色9阶手套,9,手套
40906012,equipstar,橙色9阶手套,9,手套
40906013,equipstar,橙色9阶手套,9,手套
40906014,equipstar,红色9阶手套,9,手套
40906015,equipstar,红色9阶手套,9,手套
40906016,equipstar,红色9阶手套,9,手套
40906017,equipstar,彩色9阶手套,9,手套
40906018,equipstar,彩色9阶手套,9,手套
40906019,equipstar,彩色9阶手套,9,手套
41001001,equipstar,白色10阶头盔,10,头盔
41001002,equipstar,绿色10阶头盔,10,头盔
41001003,equipstar,绿色10阶头盔,10,头盔
41001004,equipstar,绿色10阶头盔,10,头盔
41001005,equipstar,蓝色10阶头盔,10,头盔
41001006,equipstar,蓝色10阶头盔,10,头盔
41001007,equipstar,蓝色10阶头盔,10,头盔
41001008,equipstar,紫色10阶头盔,10,头盔
41001009,equipstar,紫色10阶头盔,10,头盔
41001010,equipstar,紫色10阶头盔,10,头盔
41001011,equipstar,橙色10阶头盔,10,头盔
41001012,equipstar,橙色10阶头盔,10,头盔
41001013,equipstar,橙色10阶头盔,10,头盔
41001014,equipstar,红色10阶头盔,10,头盔
41001015,equipstar,红色10阶头盔,10,头盔
41001016,equipstar,红色10阶头盔,10,头盔
41001017,equipstar,彩色10阶头盔,10,头盔
41001018,equipstar,彩色10阶头盔,10,头盔
41001019,equipstar,彩色10阶头盔,10,头盔
41002001,equipstar,白色10阶护臂,10,护臂
41002002,equipstar,绿色10阶护臂,10,护臂
41002003,equipstar,绿色10阶护臂,10,护臂
41002004,equipstar,绿色10阶护臂,10,护臂
41002005,equipstar,蓝色10阶护臂,10,护臂
41002006,equipstar,蓝色10阶护臂,10,护臂
41002007,equipstar,蓝色10阶护臂,10,护臂
41002008,equipstar,紫色10阶护臂,10,护臂
41002009,equipstar,紫色10阶护臂,10,护臂
41002010,equipstar,紫色10阶护臂,10,护臂
41002011,equipstar,橙色10阶护臂,10,护臂
41002012,equipstar,橙色10阶护臂,10,护臂
41002013,equipstar,橙色10阶护臂,10,护臂
41002014,equipstar,红色10阶护臂,10,护臂
41002015,equipstar,红色10阶护臂,10,护臂
41002016,equipstar,红色10阶护臂,10,护臂
41002017,equipstar,彩色10阶护臂,10,护臂
41002018,equipstar,彩色10阶护臂,10,护臂
41002019,equipstar,彩色10阶护臂,10,护臂
41003001,equipstar,白色10阶衣服,10,衣服
41003002,equipstar,绿色10阶衣服,10,衣服
41003003,equipstar,绿色10阶衣服,10,衣服
41003004,equipstar,绿色10阶衣服,10,衣服
41003005,equipstar,蓝色10阶衣服,10,衣服
41003006,equipstar,蓝色10阶衣服,10,衣服
41003007,equipstar,蓝色10阶衣服,10,衣服
41003008,equipstar,紫色10阶衣服,10,衣服
41003009,equipstar,紫色10阶衣服,10,衣服
41003010,equipstar,紫色10阶衣服,10,衣服
41003011,equipstar,橙色10阶衣服,10,衣服
41003012,equipstar,橙色10阶衣服,10,衣服
41003013,equipstar,橙色10阶衣服,10,衣服
41003014,equipstar,红色10阶衣服,10,衣服
41003015,equipstar,红色10阶衣服,10,衣服
41003016,equipstar,红色10阶衣服,10,衣服
41003017,equipstar,彩色10阶衣服,10,衣服
41003018,equipstar,彩色10阶衣服,10,衣服
41003019,equipstar,彩色10阶衣服,10,衣服
41004001,equipstar,白色10阶裤子,10,裤子
41004002,equipstar,绿色10阶裤子,10,裤子
41004003,equipstar,绿色10阶裤子,10,裤子
41004004,equipstar,绿色10阶裤子,10,裤子
41004005,equipstar,蓝色10阶裤子,10,裤子
41004006,equipstar,蓝色10阶裤子,10,裤子
41004007,equipstar,蓝色10阶裤子,10,裤子
41004008,equipstar,紫色10阶裤子,10,裤子
41004009,equipstar,紫色10阶裤子,10,裤子
41004010,equipstar,紫色10阶裤子,10,裤子
41004011,equipstar,橙色10阶裤子,10,裤子
41004012,equipstar,橙色10阶裤子,10,裤子
41004013,equipstar,橙色10阶裤子,10,裤子
41004014,equipstar,红色10阶裤子,10,裤子
41004015,equipstar,红色10阶裤子,10,裤子
41004016,equipstar,红色10阶裤子,10,裤子
41004017,equipstar,彩色10阶裤子,10,裤子
41004018,equipstar,彩色10阶裤子,10,裤子
41004019,equipstar,彩色10阶裤子,10,裤子
41005001,equipstar,白色10阶鞋子,10,鞋子
41005002,equipstar,绿色10阶鞋子,10,鞋子
41005003,equipstar,绿色10阶鞋子,10,鞋子
41005004,equipstar,绿色10阶鞋子,10,鞋子
41005005,equipstar,蓝色10阶鞋子,10,鞋子
41005006,equipstar,蓝色10阶鞋子,10,鞋子
41005007,equipstar,蓝色10阶鞋子,10,鞋子
41005008,equipstar,紫色10阶鞋子,10,鞋子
41005009,equipstar,紫色10阶鞋子,10,鞋子
41005010,equipstar,紫色10阶鞋子,10,鞋子
41005011,equipstar,橙色10阶鞋子,10,鞋子
41005012,equipstar,橙色10阶鞋子,10,鞋子
41005013,equipstar,橙色10阶鞋子,10,鞋子
41005014,equipstar,红色10阶鞋子,10,鞋子
41005015,equipstar,红色10阶鞋子,10,鞋子
41005016,equipstar,红色10阶鞋子,10,鞋子
41005017,equipstar,彩色10阶鞋子,10,鞋子
41005018,equipstar,彩色10阶鞋子,10,鞋子
41005019,equipstar,彩色10阶鞋子,10,鞋子
41006001,equipstar,白色10阶手套,10,手套
41006002,equipstar,绿色10阶手套,10,手套
41006003,equipstar,绿色10阶手套,10,手套
41006004,equipstar,绿色10阶手套,10,手套
41006005,equipstar,蓝色10阶手套,10,手套
41006006,equipstar,蓝色10阶手套,10,手套
41006007,equipstar,蓝色10阶手套,10,手套
41006008,equipstar,紫色10阶手套,10,手套
41006009,equipstar,紫色10阶手套,10,手套
41006010,equipstar,紫色10阶手套,10,手套
41006011,equipstar,橙色10阶手套,10,手套
41006012,equipstar,橙色10阶手套,10,手套
41006013,equipstar,橙色10阶手套,10,手套
41006014,equipstar,红色10阶手套,10,手套
41006015,equipstar,红色10阶手套,10,手套
41006016,equipstar,红色10阶手套,10,手套
41006017,equipstar,彩色10阶手套,10,手套
41006018,equipstar,彩色10阶手套,10,手套
41006019,equipstar,彩色10阶手套,10,手套
50101001,gem,头盔*普通宝石,1,头盔宝石
50101002,gem,头盔*普通宝石,1,头盔宝石
50101003,gem,头盔*普通宝石,1,头盔宝石
50101004,gem,头盔*普通宝石,1,头盔宝石
50101005,gem,头盔*普通宝石,1,头盔宝石
50101006,gem,头盔*普通宝石,1,头盔宝石
50102001,gem,护臂*普通宝石,1,护臂宝石
50102002,gem,护臂*普通宝石,1,护臂宝石
50102003,gem,护臂*普通宝石,1,护臂宝石
50102004,gem,护臂*普通宝石,1,护臂宝石
50102005,gem,护臂*普通宝石,1,护臂宝石
50102006,gem,护臂*普通宝石,1,护臂宝石
50103001,gem,衣服*普通宝石,1,衣服宝石
50103002,gem,衣服*普通宝石,1,衣服宝石
50103003,gem,衣服*普通宝石,1,衣服宝石
50103004,gem,衣服*普通宝石,1,衣服宝石
50103005,gem,衣服*普通宝石,1,衣服宝石
50103006,gem,衣服*普通宝石,1,衣服宝石
50104001,gem,裤子*普通宝石,1,裤子宝石
50104002,gem,裤子*普通宝石,1,裤子宝石
50104003,gem,裤子*普通宝石,1,裤子宝石
50104004,gem,裤子*普通宝石,1,裤子宝石
50104005,gem,裤子*普通宝石,1,裤子宝石
50104006,gem,裤子*普通宝石,1,裤子宝石
50105001,gem,鞋子*普通宝石,1,鞋子宝石
50105002,gem,鞋子*普通宝石,1,鞋子宝石
50105003,gem,鞋子*普通宝石,1,鞋子宝石
50105004,gem,鞋子*普通宝石,1,鞋子宝石
50105005,gem,鞋子*普通宝石,1,鞋子宝石
50105006,gem,鞋子*普通宝石,1,鞋子宝石
50106001,gem,手套*普通宝石,1,手套宝石
50106002,gem,手套*普通宝石,1,手套宝石
50106003,gem,手套*普通宝石,1,手套宝石
50106004,gem,手套*普通宝石,1,手套宝石
50106005,gem,手套*普通宝石,1,手套宝石
50106006,gem,手套*普通宝石,1,手套宝石
50201001,gem,头盔*精良宝石,2,头盔宝石
50201002,gem,头盔*精良宝石,2,头盔宝石
50201003,gem,头盔*精良宝石,2,头盔宝石
50201004,gem,头盔*精良宝石,2,头盔宝石
50201005,gem,头盔*精良宝石,2,头盔宝石
50201006,gem,头盔*精良宝石,2,头盔宝石
50202001,gem,护臂*精良宝石,2,护臂宝石
50202002,gem,护臂*精良宝石,2,护臂宝石
50202003,gem,护臂*精良宝石,2,护臂宝石
50202004,gem,护臂*精良宝石,2,护臂宝石
50202005,gem,护臂*精良宝石,2,护臂宝石
50202006,gem,护臂*精良宝石,2,护臂宝石
50203001,gem,衣服*精良宝石,2,衣服宝石
50203002,gem,衣服*精良宝石,2,衣服宝石
50203003,gem,衣服*精良宝石,2,衣服宝石
50203004,gem,衣服*精良宝石,2,衣服宝石
50203005,gem,衣服*精良宝石,2,衣服宝石
50203006,gem,衣服*精良宝石,2,衣服宝石
50204001,gem,裤子*精良宝石,2,裤子宝石
50204002,gem,裤子*精良宝石,2,裤子宝石
50204003,gem,裤子*精良宝石,2,裤子宝石
50204004,gem,裤子*精良宝石,2,裤子宝石
50204005,gem,裤子*精良宝石,2,裤子宝石
50204006,gem,裤子*精良宝石,2,裤子宝石
50205001,gem,鞋子*精良宝石,2,鞋子宝石
50205002,gem,鞋子*精良宝石,2,鞋子宝石
50205003,gem,鞋子*精良宝石,2,鞋子宝石
50205004,gem,鞋子*精良宝石,2,鞋子宝石
50205005,gem,鞋子*精良宝石,2,鞋子宝石
50205006,gem,鞋子*精良宝石,2,鞋子宝石
50206001,gem,手套*精良宝石,2,手套宝石
50206002,gem,手套*精良宝石,2,手套宝石
50206003,gem,手套*精良宝石,2,手套宝石
50206004,gem,手套*精良宝石,2,手套宝石
50206005,gem,手套*精良宝石,2,手套宝石
50206006,gem,手套*精良宝石,2,手套宝石
50301001,gem,头盔*卓越宝石,3,头盔宝石
50301002,gem,头盔*卓越宝石,3,头盔宝石
50301003,gem,头盔*卓越宝石,3,头盔宝石
50301004,gem,头盔*卓越宝石,3,头盔宝石
50301005,gem,头盔*卓越宝石,3,头盔宝石
50301006,gem,头盔*卓越宝石,3,头盔宝石
50302001,gem,护臂*卓越宝石,3,护臂宝石
50302002,gem,护臂*卓越宝石,3,护臂宝石
50302003,gem,护臂*卓越宝石,3,护臂宝石
50302004,gem,护臂*卓越宝石,3,护臂宝石
50302005,gem,护臂*卓越宝石,3,护臂宝石
50302006,gem,护臂*卓越宝石,3,护臂宝石
50303001,gem,衣服*卓越宝石,3,衣服宝石
50303002,gem,衣服*卓越宝石,3,衣服宝石
50303003,gem,衣服*卓越宝石,3,衣服宝石
50303004,gem,衣服*卓越宝石,3,衣服宝石
50303005,gem,衣服*卓越宝石,3,衣服宝石
50303006,gem,衣服*卓越宝石,3,衣服宝石
50304001,gem,裤子*卓越宝石,3,裤子宝石
50304002,gem,裤子*卓越宝石,3,裤子宝石
50304003,gem,裤子*卓越宝石,3,裤子宝石
50304004,gem,裤子*卓越宝石,3,裤子宝石
50304005,gem,裤子*卓越宝石,3,裤子宝石
50304006,gem,裤子*卓越宝石,3,裤子宝石
50305001,gem,鞋子*卓越宝石,3,鞋子宝石
50305002,gem,鞋子*卓越宝石,3,鞋子宝石
50305003,gem,鞋子*卓越宝石,3,鞋子宝石
50305004,gem,鞋子*卓越宝石,3,鞋子宝石
50305005,gem,鞋子*卓越宝石,3,鞋子宝石
50305006,gem,手套*卓越宝石,3,手套宝石
50306001,gem,手套*卓越宝石,3,手套宝石
50306002,gem,手套*卓越宝石,3,手套宝石
50306003,gem,手套*卓越宝石,3,手套宝石
50306004,gem,手套*卓越宝石,3,手套宝石
50306005,gem,手套*卓越宝石,3,手套宝石
50306006,gem,手套*卓越宝石,3,手套宝石
50401001,gem,头盔*完美宝石,4,头盔宝石
50401002,gem,头盔*完美宝石,4,头盔宝石
50401003,gem,头盔*完美宝石,4,头盔宝石
50401004,gem,头盔*完美宝石,4,头盔宝石
50401005,gem,头盔*完美宝石,4,头盔宝石
50401006,gem,头盔*完美宝石,4,头盔宝石
50402001,gem,护臂*完美宝石,4,护臂宝石
50402002,gem,护臂*完美宝石,4,护臂宝石
50402003,gem,护臂*完美宝石,4,护臂宝石
50402004,gem,护臂*完美宝石,4,护臂宝石
50402005,gem,护臂*完美宝石,4,护臂宝石
50402006,gem,护臂*完美宝石,4,护臂宝石
50403001,gem,衣服*完美宝石,4,衣服宝石
50403002,gem,衣服*完美宝石,4,衣服宝石
50403003,gem,衣服*完美宝石,4,衣服宝石
50403004,gem,衣服*完美宝石,4,衣服宝石
50403005,gem,衣服*完美宝石,4,衣服宝石
50403006,gem,衣服*完美宝石,4,衣服宝石
50404001,gem,裤子*完美宝石,4,裤子宝石
50404002,gem,裤子*完美宝石,4,裤子宝石
50404003,gem,裤子*完美宝石,4,裤子宝石
50404004,gem,裤子*完美宝石,4,裤子宝石
50404005,gem,裤子*完美宝石,4,裤子宝石
50404006,gem,裤子*完美宝石,4,裤子宝石
50405001,gem,鞋子*完美宝石,4,鞋子宝石
50405002,gem,鞋子*完美宝石,4,鞋子宝石
50405003,gem,鞋子*完美宝石,4,鞋子宝石
50405004,gem,鞋子*完美宝石,4,鞋子宝石
50405005,gem,鞋子*完美宝石,4,鞋子宝石
50405006,gem,鞋子*完美宝石,4,鞋子宝石
50406001,gem,手套*完美宝石,4,手套宝石
50406002,gem,手套*完美宝石,4,手套宝石
50406003,gem,手套*完美宝石,4,手套宝石
50406004,gem,手套*完美宝石,4,手套宝石
50406005,gem,手套*完美宝石,4,手套宝石
50406006,gem,手套*完美宝石,4,手套宝石
50501001,gem,头盔*传说宝石,5,头盔宝石
50501002,gem,头盔*传说宝石,5,头盔宝石
50501003,gem,头盔*传说宝石,5,头盔宝石
50501004,gem,头盔*传说宝石,5,头盔宝石
50501005,gem,头盔*传说宝石,5,头盔宝石
50501006,gem,头盔*传说宝石,5,头盔宝石
50502001,gem,护臂*传说宝石,5,护臂宝石
50502002,gem,护臂*传说宝石,5,护臂宝石
50502003,gem,护臂*传说宝石,5,护臂宝石
50502004,gem,护臂*传说宝石,5,护臂宝石
50502005,gem,护臂*传说宝石,5,护臂宝石
50502006,gem,护臂*传说宝石,5,护臂宝石
50503001,gem,衣服*传说宝石,5,衣服宝石
50503002,gem,衣服*传说宝石,5,衣服宝石
50503003,gem,衣服*传说宝石,5,衣服宝石
50503004,gem,衣服*传说宝石,5,衣服宝石
50503005,gem,衣服*传说宝石,5,衣服宝石
50503006,gem,衣服*传说宝石,5,衣服宝石
50504001,gem,裤子*传说宝石,5,裤子宝石
50504002,gem,裤子*传说宝石,5,裤子宝石
50504003,gem,裤子*传说宝石,5,裤子宝石
50504004,gem,裤子*传说宝石,5,裤子宝石
50504005,gem,裤子*传说宝石,5,裤子宝石
50504006,gem,裤子*传说宝石,5,裤子宝石
50505001,gem,鞋子*传说宝石,5,鞋子宝石
50505002,gem,鞋子*传说宝石,5,鞋子宝石
50505003,gem,鞋子*传说宝石,5,鞋子宝石
50505004,gem,鞋子*传说宝石,5,鞋子宝石
50505005,gem,鞋子*传说宝石,5,鞋子宝石
50505006,gem,鞋子*传说宝石,5,鞋子宝石
50506001,gem,手套*传说宝石,5,手套宝石
50506002,gem,手套*传说宝石,5,手套宝石
50506003,gem,手套*传说宝石,5,手套宝石
50506004,gem,手套*传说宝石,5,手套宝石
50506005,gem,手套*传说宝石,5,手套宝石
50506006,gem,手套*传说宝石,5,手套宝石
50601001,gem,头盔*绝世宝石,6,头盔宝石
50601002,gem,头盔*绝世宝石,6,头盔宝石
50601003,gem,头盔*绝世宝石,6,头盔宝石
50601004,gem,头盔*绝世宝石,6,头盔宝石
50601005,gem,头盔*绝世宝石,6,头盔宝石
50601006,gem,头盔*绝世宝石,6,头盔宝石
50602001,gem,护臂*绝世宝石,6,护臂宝石
50602002,gem,护臂*绝世宝石,6,护臂宝石
50602003,gem,护臂*绝世宝石,6,护臂宝石
50602004,gem,护臂*绝世宝石,6,护臂宝石
50602005,gem,护臂*绝世宝石,6,护臂宝石
50602006,gem,护臂*绝世宝石,6,护臂宝石
50603001,gem,衣服*绝世宝石,6,衣服宝石
50603002,gem,衣服*绝世宝石,6,衣服宝石
50603003,gem,衣服*绝世宝石,6,衣服宝石
50603004,gem,衣服*绝世宝石,6,衣服宝石
50603005,gem,衣服*绝世宝石,6,衣服宝石
50603006,gem,衣服*绝世宝石,6,衣服宝石
50604001,gem,裤子*绝世宝石,6,裤子宝石
50604002,gem,裤子*绝世宝石,6,裤子宝石
50604003,gem,裤子*绝世宝石,6,裤子宝石
50604004,gem,裤子*绝世宝石,6,裤子宝石
50604005,gem,裤子*绝世宝石,6,裤子宝石
50604006,gem,裤子*绝世宝石,6,裤子宝石
50605001,gem,鞋子*绝世宝石,6,鞋子宝石
50605002,gem,鞋子*绝世宝石,6,鞋子宝石
50605003,gem,鞋子*绝世宝石,6,鞋子宝石
50605004,gem,鞋子*绝世宝石,6,鞋子宝石
50605005,gem,鞋子*绝世宝石,6,鞋子宝石
50605006,gem,鞋子*绝世宝石,6,鞋子宝石
50606001,gem,手套*绝世宝石,6,手套宝石
50606002,gem,手套*绝世宝石,6,手套宝石
50606003,gem,手套*绝世宝石,6,手套宝石
50606004,gem,手套*绝世宝石,6,手套宝石
50606005,gem,手套*绝世宝石,6,手套宝石
50606006,gem,手套*绝世宝石,6,手套宝石
1,equipenhance,头盔部位,,
2,equipenhance,护臂部位,,
3,equipenhance,衣服部位,,
4,equipenhance,裤子部位,,
5,equipenhance,鞋子部位,,
6,equipenhance,手套部位,,
