item_id,item_name,gold_value,system,sub_system,item_type
110001,钻石,,货币,,
110002,金币,,货币,,
110003,体力,,体力,,
110004,角色经验,,角色,,
120001,枪械经验,,枪械,,
120002,防线升级材料,,防线,防线升级,
120003,防线进阶材料,,防线,防线进阶,
120004,普通宝箱钥匙,,宝石,宝石抽奖,
120005,璀璨宝箱钥匙,,宝石,宝石抽奖,
120006,魔方核心,,运营活动,活动兑换,
120007,普通随机宝石,,宝石,宝石随机包,
120008,精良随机宝石,,宝石,宝石随机包,
120009,卓越随机宝石,,宝石,宝石随机包,
120010,完美随机宝石,,宝石,宝石随机包,
120011,传说随机宝石,,宝石,宝石随机包,
120012,绝世随机宝石,,宝石,宝石随机包,
120013,至尊随机宝石,,宝石,宝石随机包,
120014,防线技能升级材料,,防线,技能升级材料,
120015,1万金币礼包,,货币,技能升级材料,
130001,麒麟臂升级材料,,伙伴核心,技能升级材料,
130002,动力水泡升级材料,,伙伴核心,技能升级材料,
130003,闪电升级材料,,伙伴核心,技能升级材料,
130004,超级气功升级材料,,伙伴核心,技能升级材料,
130005,激情射线升级材料,,伙伴核心,技能升级材料,
130006,金甲战车升级材料,,伙伴核心,技能升级材料,
130007,冰凌柜升级材料,,伙伴核心,技能升级材料,
130008,闪电链升级材料,,伙伴核心,技能升级材料,
130009,旋风升级材料,,伙伴核心,技能升级材料,
140001,装备升品材料,,装备,装备强化,
140002,宝石洗练材料,,宝石,宝石洗练,
151001,头盔强化材料,,装备,装备强化,
152001,护臂强化材料,,装备,装备强化,
153001,衣服强化材料,,装备,装备强化,
154001,裤子强化材料,,装备,装备强化,
155001,鞋子强化材料,,装备,装备强化,
156001,手套强化材料,,装备,装备强化,
157001,军团币,,货币,,
158001,魔王币,,货币,,
160001,每日活动日积分,,货币,,
160002,每日活动周积分,,货币,,
160003,七日活动积分,,货币,,
160004,军团每日任务积分,,货币,,
131001,通用技能材料,,,,
131002,技能掉落-一本,,,,
171001,默认头像,,,,
171002,冰头像,,头像,皮肤,
171003,火头像,,头像,皮肤,
171004,电头像,,头像,皮肤,
210001,装备概率掉落,,,,
212001,挂机装备概率掉落,,,,
210002,关卡结算装备保底,,,,
210003,关卡结算宝石保底,,,,
210004,材料概率掉落,,,,
210005,宝石概率掉落,,,,
210006,技能保底掉落,,,,
210007,枪械科技保底掉落,,装备,装备随机包,
210008,装备强化图纸,,装备,装备随机包,
2001001,运营白色宝石随机箱,,宝石,宝石,
2001002,运营紫色宝石随机箱,,宝石,宝石,
2001003,运营橙色宝石随机箱,,宝石,宝石,
2002001,运营蓝色装备套,,装备,,
2002002,运营紫色装备套,,装备,,
2002003,运营蓝色随机装备,,装备,,
2002004,运营紫色随机装备,,装备,,
2003001,装备强化随机材料,,装备,装备强化,
2003002,核心技能升级随机材料,,伙伴核心,核心技能,
2003003,核心皮肤随机箱子,,伙伴核心,伙伴皮肤,
2003004,菇菇时装随机箱子,,角色,角色皮肤,
2003005,蘑菇头随机箱,,枪械,枪械皮肤,
2003006,防线皮肤随机箱,,防线,伙伴皮肤,
3001001,通用技能掉落（1个）,,,,
3001002,通用装备图纸掉落（1个）,,,,
3001003,通用装备掉落（1个）,,,,
300001,军团经验,,,,
60101001,寒冰蘑菇,,,,
60102001,火焰蘑菇,,枪械,枪械皮肤,
60103001,闪电蘑菇,,枪械,枪械皮肤,
60201001,冰皮肤,,枪械,枪械皮肤,
60202001,火皮肤,,角色,角色皮肤,
60203001,电皮肤,,角色,角色皮肤,
60301001,水母核心,,角色,角色皮肤,
60302001,雪人核心,,伙伴核心,伙伴皮肤,
60303001,雷霆核心,,伙伴核心,伙伴皮肤,
60304001,火焰核心,,伙伴核心,伙伴皮肤,
60401001,仙人掌防线,,伙伴核心,伙伴皮肤,
60402001,蜂巢防线,,防线,防线皮肤,
60403001,火车防线,,防线,防线皮肤,
61001001,角色皮肤升星道具,,防线,防线皮肤,
61001002,时装升星道具,,角色,角色皮肤,
61001003,核心升星道具,,角色,枪械皮肤,
61001004,防线升星道具,,伙伴核心,伙伴皮肤,
5001001,每波掉落,,防线,防线皮肤,
1010001,前5关装备掉落,,装备,装备胚子,
1010002,5-10装备掉落,,装备,装备胚子,
1010003,10-15装备掉落,,装备,装备胚子,
1010004,15-20装备掉落,,装备,装备胚子,
1010005,21-25装备掉落,,装备,装备胚子,
1010006,26-30装备掉落,,装备,装备胚子,
1020001,前5关挂机装备掉落,,装备,装备胚子,
1020002,5-10挂机装备掉落,,装备,装备胚子,
1020003,10-15挂机装备掉落,,装备,装备胚子,
1020004,15-20挂机装备掉落,,装备,装备胚子,
1020005,21-25挂机装备掉落,,装备,装备胚子,
1020006,26-30挂机装备掉落,,装备,装备胚子,
1000101,1阶白色装备,,装备,装备胚子,
1000102,1阶绿色装备,,装备,装备胚子,
1000103,1阶蓝色装备,,装备,装备胚子,
1000104,1阶紫色装备,,装备,装备胚子,
1000105,1阶橙色装备,,装备,装备胚子,
1000106,1阶红色装备,,装备,装备胚子,
1000107,1阶彩色装备,,装备,装备胚子,
1000201,2阶白色装备,,装备,装备胚子,
1000202,2阶绿色装备,,装备,装备胚子,
1000203,2阶蓝色装备,,装备,装备胚子,
1000204,2阶紫色装备,,装备,装备胚子,
1000205,2阶橙色装备,,装备,装备胚子,
1000206,2阶红色装备,,装备,装备胚子,
1000207,2阶彩色装备,,装备,装备胚子,
1000301,3阶白色装备,,装备,装备胚子,
1000302,3阶绿色装备,,装备,装备胚子,
1000303,3阶蓝色装备,,装备,装备胚子,
1000304,3阶紫色装备,,装备,装备胚子,
1000305,3阶橙色装备,,装备,装备胚子,
1000306,3阶红色装备,,装备,装备胚子,
1000307,3阶彩色装备,,装备,装备胚子,
1000401,4阶白色装备,,装备,装备胚子,
1000402,4阶绿色装备,,装备,装备胚子,
1000403,4阶蓝色装备,,装备,装备胚子,
1000404,4阶紫色装备,,装备,装备胚子,
1000405,4阶橙色装备,,装备,装备胚子,
1000406,4阶红色装备,,装备,装备胚子,
1000407,4阶彩色装备,,装备,装备胚子,
1000501,5阶白色装备,,装备,装备胚子,
1000502,5阶绿色装备,,装备,装备胚子,
1000503,5阶蓝色装备,,装备,装备胚子,
1000504,5阶紫色装备,,装备,装备胚子,
1000505,5阶橙色装备,,装备,装备胚子,
1000506,5阶红色装备,,装备,装备胚子,
1000507,5阶彩色装备,,装备,装备胚子,
1000601,6阶白色装备,,装备,装备胚子,
1000602,6阶绿色装备,,装备,装备胚子,
1000603,6阶蓝色装备,,装备,装备胚子,
1000604,6阶紫色装备,,装备,装备胚子,
1000605,6阶橙色装备,,装备,装备胚子,
1000606,6阶红色装备,,装备,装备胚子,
1000607,6阶彩色装备,,装备,装备胚子,
1000701,7阶白色装备,,装备,装备胚子,
1000702,7阶绿色装备,,装备,装备胚子,
1000703,7阶蓝色装备,,装备,装备胚子,
1000704,7阶紫色装备,,装备,装备胚子,
1000705,7阶橙色装备,,装备,装备胚子,
1000706,7阶红色装备,,装备,装备胚子,
1000707,7阶彩色装备,,装备,装备胚子,
1000801,8阶白色装备,,装备,装备胚子,
1000802,8阶绿色装备,,装备,装备胚子,
1000803,8阶蓝色装备,,装备,装备胚子,
1000804,8阶紫色装备,,装备,装备胚子,
1000805,8阶橙色装备,,装备,装备胚子,
1000806,8阶红色装备,,装备,装备胚子,
1000807,8阶彩色装备,,装备,装备胚子,
1000901,9阶白色装备,,装备,装备胚子,
1000902,9阶绿色装备,,装备,装备胚子,
1000903,9阶蓝色装备,,装备,装备胚子,
1000904,9阶紫色装备,,装备,装备胚子,
1000905,9阶橙色装备,,装备,装备胚子,
1000906,9阶红色装备,,装备,装备胚子,
1000907,9阶彩色装备,,装备,装备胚子,
1001001,10阶白色装备,,装备,装备胚子,
1001002,10阶绿色装备,,装备,装备胚子,
1001003,10阶蓝色装备,,装备,装备胚子,
1001004,10阶紫色装备,,装备,装备胚子,
1001005,10阶橙色装备,,装备,装备胚子,
1001006,10阶红色装备,,装备,装备胚子,
1001007,10阶彩色装备,,装备,装备胚子,
1001101,11阶白色装备,,装备,装备胚子,
1001102,11阶绿色装备,,装备,装备胚子,
1001103,11阶蓝色装备,,装备,装备胚子,
1001104,11阶紫色装备,,装备,装备胚子,
1001105,11阶橙色装备,,装备,装备胚子,
1001106,11阶红色装备,,装备,装备胚子,
1001107,11阶彩色装备,,装备,装备胚子,
1001201,12阶白色装备,,装备,装备胚子,
1001202,12阶绿色装备,,装备,装备胚子,
1001203,12阶蓝色装备,,装备,装备胚子,
1001204,12阶紫色装备,,装备,装备胚子,
1001205,12阶橙色装备,,装备,装备胚子,
1001206,12阶红色装备,,装备,装备胚子,
1001207,12阶彩色装备,,装备,装备胚子,
1001301,13阶白色装备,,装备,装备胚子,
1001302,13阶绿色装备,,装备,装备胚子,
1001303,13阶蓝色装备,,装备,装备胚子,
1001304,13阶紫色装备,,装备,装备胚子,
1001305,13阶橙色装备,,装备,装备胚子,
1001306,13阶红色装备,,装备,装备胚子,
1001307,13阶彩色装备,,装备,装备胚子,
1001401,14阶白色装备,,装备,装备胚子,
1001402,14阶绿色装备,,装备,装备胚子,
1001403,14阶蓝色装备,,装备,装备胚子,
1001404,14阶紫色装备,,装备,装备胚子,
1001405,14阶橙色装备,,装备,装备胚子,
1001406,14阶红色装备,,装备,装备胚子,
1001407,14阶彩色装备,,装备,装备胚子,
1001501,15阶白色装备,,装备,装备胚子,
1001502,15阶绿色装备,,装备,装备胚子,
1001503,15阶蓝色装备,,装备,装备胚子,
1001504,15阶紫色装备,,装备,装备胚子,
1001505,15阶橙色装备,,装备,装备胚子,
1001506,15阶红色装备,,装备,装备胚子,
1001507,15阶彩色装备,,装备,装备胚子,
1001601,16阶白色装备,,装备,装备胚子,
1001602,16阶绿色装备,,装备,装备胚子,
1001603,16阶蓝色装备,,装备,装备胚子,
1001604,16阶紫色装备,,装备,装备胚子,
1001605,16阶橙色装备,,装备,装备胚子,
1001606,16阶红色装备,,装备,装备胚子,
1001607,16阶彩色装备,,装备,装备胚子,
1001701,17阶白色装备,,装备,装备胚子,
1001702,17阶绿色装备,,装备,装备胚子,
1001703,17阶蓝色装备,,装备,装备胚子,
1001704,17阶紫色装备,,装备,装备胚子,
1001705,17阶橙色装备,,装备,装备胚子,
1001706,17阶红色装备,,装备,装备胚子,
1001707,17阶彩色装备,,装备,装备胚子,
1001801,18阶白色装备,,装备,装备胚子,
1001802,18阶绿色装备,,装备,装备胚子,
1001803,18阶蓝色装备,,装备,装备胚子,
1001804,18阶紫色装备,,装备,装备胚子,
1001805,18阶橙色装备,,装备,装备胚子,
1001806,18阶红色装备,,装备,装备胚子,
1001807,18阶彩色装备,,装备,装备胚子,
1001901,19阶白色装备,,装备,装备胚子,
1001902,19阶绿色装备,,装备,装备胚子,
1001903,19阶蓝色装备,,装备,装备胚子,
1001904,19阶紫色装备,,装备,装备胚子,
1001905,19阶橙色装备,,装备,装备胚子,
1001906,19阶红色装备,,装备,装备胚子,
1001907,19阶彩色装备,,装备,装备胚子,
1002001,20阶白色装备,,装备,装备胚子,
1002002,20阶绿色装备,,装备,装备胚子,
1002003,20阶蓝色装备,,装备,装备胚子,
1002004,20阶紫色装备,,装备,装备胚子,
1002005,20阶橙色装备,,装备,装备胚子,
1002006,20阶红色装备,,装备,装备胚子,
1002007,20阶彩色装备,,装备,装备胚子,
1002101,21阶白色装备,,装备,装备胚子,
1002102,21阶绿色装备,,装备,装备胚子,
1002103,21阶蓝色装备,,装备,装备胚子,
1002104,21阶紫色装备,,装备,装备胚子,
1002105,21阶橙色装备,,装备,装备胚子,
1002106,21阶红色装备,,装备,装备胚子,
1002107,21阶彩色装备,,装备,装备胚子,
1002201,22阶白色装备,,装备,装备胚子,
1002202,22阶绿色装备,,装备,装备胚子,
1002203,22阶蓝色装备,,装备,装备胚子,
1002204,22阶紫色装备,,装备,装备胚子,
1002205,22阶橙色装备,,装备,装备胚子,
1002206,22阶红色装备,,装备,装备胚子,
1002207,22阶彩色装备,,装备,装备胚子,
1002301,23阶白色装备,,装备,装备胚子,
1002302,23阶绿色装备,,装备,装备胚子,
1002303,23阶蓝色装备,,装备,装备胚子,
1002304,23阶紫色装备,,装备,装备胚子,
1002305,23阶橙色装备,,装备,装备胚子,
1002306,23阶红色装备,,装备,装备胚子,
1002307,23阶彩色装备,,装备,装备胚子,
1002401,24阶白色装备,,装备,装备胚子,
1002402,24阶绿色装备,,装备,装备胚子,
1002403,24阶蓝色装备,,装备,装备胚子,
1002404,24阶紫色装备,,装备,装备胚子,
1002405,24阶橙色装备,,装备,装备胚子,
1002406,24阶红色装备,,装备,装备胚子,
1002407,24阶彩色装备,,装备,装备胚子,
40101001,白色1阶头盔,,装备,装备胚子,
40101002,绿色1阶头盔,,装备,装备胚子,
40101003,绿色1阶头盔,,装备,装备胚子,
40101004,蓝色1阶头盔,,装备,装备胚子,
40101005,蓝色1阶头盔,,装备,装备胚子,
40101006,紫色1阶头盔,,装备,装备胚子,
40101007,紫色1阶头盔,,装备,装备胚子,
40101008,紫色1阶头盔,,装备,装备胚子,
40101009,橙色1阶头盔,,装备,装备胚子,
40101010,橙色1阶头盔,,装备,装备胚子,
40101011,橙色1阶头盔,,装备,装备胚子,
40101012,红色1阶头盔,,装备,装备胚子,
40101013,红色1阶头盔,,装备,装备胚子,
40101014,红色1阶头盔,,装备,装备胚子,
40101015,彩色1阶头盔,,装备,装备胚子,
40101016,彩色1阶头盔,,装备,装备胚子,
40101017,彩色1阶头盔,,装备,装备胚子,
40102001,白色1阶护臂,,装备,装备胚子,
40102002,绿色1阶护臂,,装备,装备胚子,
40102003,绿色1阶护臂,,装备,装备胚子,
40102004,蓝色1阶护臂,,装备,装备胚子,
40102005,蓝色1阶护臂,,装备,装备胚子,
40102006,紫色1阶护臂,,装备,装备胚子,
40102007,紫色1阶护臂,,装备,装备胚子,
40102008,紫色1阶护臂,,装备,装备胚子,
40102009,橙色1阶护臂,,装备,装备胚子,
40102010,橙色1阶护臂,,装备,装备胚子,
40102011,橙色1阶护臂,,装备,装备胚子,
40102012,红色1阶护臂,,装备,装备胚子,
40102013,红色1阶护臂,,装备,装备胚子,
40102014,红色1阶护臂,,装备,装备胚子,
40102015,彩色1阶护臂,,装备,装备胚子,
40102016,彩色1阶护臂,,装备,装备胚子,
40102017,彩色1阶护臂,,装备,装备胚子,
40103001,白色1阶衣服,,装备,装备胚子,
40103002,绿色1阶衣服,,装备,装备胚子,
40103003,绿色1阶衣服,,装备,装备胚子,
40103004,蓝色1阶衣服,,装备,装备胚子,
40103005,蓝色1阶衣服,,装备,装备胚子,
40103006,紫色1阶衣服,,装备,装备胚子,
40103007,紫色1阶衣服,,装备,装备胚子,
40103008,紫色1阶衣服,,装备,装备胚子,
40103009,橙色1阶衣服,,装备,装备胚子,
40103010,橙色1阶衣服,,装备,装备胚子,
40103011,橙色1阶衣服,,装备,装备胚子,
40103012,红色1阶衣服,,装备,装备胚子,
40103013,红色1阶衣服,,装备,装备胚子,
40103014,红色1阶衣服,,装备,装备胚子,
40103015,彩色1阶衣服,,装备,装备胚子,
40103016,彩色1阶衣服,,装备,装备胚子,
40103017,彩色1阶衣服,,装备,装备胚子,
40104001,白色1阶裤子,,装备,装备胚子,
40104002,绿色1阶裤子,,装备,装备胚子,
40104003,绿色1阶裤子,,装备,装备胚子,
40104004,蓝色1阶裤子,,装备,装备胚子,
40104005,蓝色1阶裤子,,装备,装备胚子,
40104006,紫色1阶裤子,,装备,装备胚子,
40104007,紫色1阶裤子,,装备,装备胚子,
40104008,紫色1阶裤子,,装备,装备胚子,
40104009,橙色1阶裤子,,装备,装备胚子,
40104010,橙色1阶裤子,,装备,装备胚子,
40104011,橙色1阶裤子,,装备,装备胚子,
40104012,红色1阶裤子,,装备,装备胚子,
40104013,红色1阶裤子,,装备,装备胚子,
40104014,红色1阶裤子,,装备,装备胚子,
40104015,彩色1阶裤子,,装备,装备胚子,
40104016,彩色1阶裤子,,装备,装备胚子,
40104017,彩色1阶裤子,,装备,装备胚子,
40105001,白色1阶鞋子,,装备,装备胚子,
40105002,绿色1阶鞋子,,装备,装备胚子,
40105003,绿色1阶鞋子,,装备,装备胚子,
40105004,蓝色1阶鞋子,,装备,装备胚子,
40105005,蓝色1阶鞋子,,装备,装备胚子,
40105006,紫色1阶鞋子,,装备,装备胚子,
40105007,紫色1阶鞋子,,装备,装备胚子,
40105008,紫色1阶鞋子,,装备,装备胚子,
40105009,橙色1阶鞋子,,装备,装备胚子,
40105010,橙色1阶鞋子,,装备,装备胚子,
40105011,橙色1阶鞋子,,装备,装备胚子,
40105012,红色1阶鞋子,,装备,装备胚子,
40105013,红色1阶鞋子,,装备,装备胚子,
40105014,红色1阶鞋子,,装备,装备胚子,
40105015,彩色1阶鞋子,,装备,装备胚子,
40105016,彩色1阶鞋子,,装备,装备胚子,
40105017,彩色1阶鞋子,,装备,装备胚子,
40106001,白色1阶手套,,装备,装备胚子,
40106002,绿色1阶手套,,装备,装备胚子,
40106003,绿色1阶手套,,装备,装备胚子,
40106004,蓝色1阶手套,,装备,装备胚子,
40106005,蓝色1阶手套,,装备,装备胚子,
40106006,紫色1阶手套,,装备,装备胚子,
40106007,紫色1阶手套,,装备,装备胚子,
40106008,紫色1阶手套,,装备,装备胚子,
40106009,橙色1阶手套,,装备,装备胚子,
40106010,橙色1阶手套,,装备,装备胚子,
40106011,橙色1阶手套,,装备,装备胚子,
40106012,红色1阶手套,,装备,装备胚子,
40106013,红色1阶手套,,装备,装备胚子,
40106014,红色1阶手套,,装备,装备胚子,
40106015,彩色1阶手套,,装备,装备胚子,
40106016,彩色1阶手套,,装备,装备胚子,
40106017,彩色1阶手套,,装备,装备胚子,
40201001,白色2阶头盔,,装备,装备胚子,
40201002,绿色2阶头盔,,装备,装备胚子,
40201003,绿色2阶头盔,,装备,装备胚子,
40201004,蓝色2阶头盔,,装备,装备胚子,
40201005,蓝色2阶头盔,,装备,装备胚子,
40201006,紫色2阶头盔,,装备,装备胚子,
40201007,紫色2阶头盔,,装备,装备胚子,
40201008,紫色2阶头盔,,装备,装备胚子,
40201009,橙色2阶头盔,,装备,装备胚子,
40201010,橙色2阶头盔,,装备,装备胚子,
40201011,橙色2阶头盔,,装备,装备胚子,
40201012,红色2阶头盔,,装备,装备胚子,
40201013,红色2阶头盔,,装备,装备胚子,
40201014,红色2阶头盔,,装备,装备胚子,
40201015,彩色2阶头盔,,装备,装备胚子,
40201016,彩色2阶头盔,,装备,装备胚子,
40201017,彩色2阶头盔,,装备,装备胚子,
40202001,白色2阶护臂,,装备,装备胚子,
40202002,绿色2阶护臂,,装备,装备胚子,
40202003,绿色2阶护臂,,装备,装备胚子,
40202004,蓝色2阶护臂,,装备,装备胚子,
40202005,蓝色2阶护臂,,装备,装备胚子,
40202006,紫色2阶护臂,,装备,装备胚子,
40202007,紫色2阶护臂,,装备,装备胚子,
40202008,紫色2阶护臂,,装备,装备胚子,
40202009,橙色2阶护臂,,装备,装备胚子,
40202010,橙色2阶护臂,,装备,装备胚子,
40202011,橙色2阶护臂,,装备,装备胚子,
40202012,红色2阶护臂,,装备,装备胚子,
40202013,红色2阶护臂,,装备,装备胚子,
40202014,红色2阶护臂,,装备,装备胚子,
40202015,彩色2阶护臂,,装备,装备胚子,
40202016,彩色2阶护臂,,装备,装备胚子,
40202017,彩色2阶护臂,,装备,装备胚子,
40203001,白色2阶衣服,,装备,装备胚子,
40203002,绿色2阶衣服,,装备,装备胚子,
40203003,绿色2阶衣服,,装备,装备胚子,
40203004,蓝色2阶衣服,,装备,装备胚子,
40203005,蓝色2阶衣服,,装备,装备胚子,
40203006,紫色2阶衣服,,装备,装备胚子,
40203007,紫色2阶衣服,,装备,装备胚子,
40203008,紫色2阶衣服,,装备,装备胚子,
40203009,橙色2阶衣服,,装备,装备胚子,
40203010,橙色2阶衣服,,装备,装备胚子,
40203011,橙色2阶衣服,,装备,装备胚子,
40203012,红色2阶衣服,,装备,装备胚子,
40203013,红色2阶衣服,,装备,装备胚子,
40203014,红色2阶衣服,,装备,装备胚子,
40203015,彩色2阶衣服,,装备,装备胚子,
40203016,彩色2阶衣服,,装备,装备胚子,
40203017,彩色2阶衣服,,装备,装备胚子,
40204001,白色2阶裤子,,装备,装备胚子,
40204002,绿色2阶裤子,,装备,装备胚子,
40204003,绿色2阶裤子,,装备,装备胚子,
40204004,蓝色2阶裤子,,装备,装备胚子,
40204005,蓝色2阶裤子,,装备,装备胚子,
40204006,紫色2阶裤子,,装备,装备胚子,
40204007,紫色2阶裤子,,装备,装备胚子,
40204008,紫色2阶裤子,,装备,装备胚子,
40204009,橙色2阶裤子,,装备,装备胚子,
40204010,橙色2阶裤子,,装备,装备胚子,
40204011,橙色2阶裤子,,装备,装备胚子,
40204012,红色2阶裤子,,装备,装备胚子,
40204013,红色2阶裤子,,装备,装备胚子,
40204014,红色2阶裤子,,装备,装备胚子,
40204015,彩色2阶裤子,,装备,装备胚子,
40204016,彩色2阶裤子,,装备,装备胚子,
40204017,彩色2阶裤子,,装备,装备胚子,
40205001,白色2阶鞋子,,装备,装备胚子,
40205002,绿色2阶鞋子,,装备,装备胚子,
40205003,绿色2阶鞋子,,装备,装备胚子,
40205004,蓝色2阶鞋子,,装备,装备胚子,
40205005,蓝色2阶鞋子,,装备,装备胚子,
40205006,紫色2阶鞋子,,装备,装备胚子,
40205007,紫色2阶鞋子,,装备,装备胚子,
40205008,紫色2阶鞋子,,装备,装备胚子,
40205009,橙色2阶鞋子,,装备,装备胚子,
40205010,橙色2阶鞋子,,装备,装备胚子,
40205011,橙色2阶鞋子,,装备,装备胚子,
40205012,红色2阶鞋子,,装备,装备胚子,
40205013,红色2阶鞋子,,装备,装备胚子,
40205014,红色2阶鞋子,,装备,装备胚子,
40205015,彩色2阶鞋子,,装备,装备胚子,
40205016,彩色2阶鞋子,,装备,装备胚子,
40205017,彩色2阶鞋子,,装备,装备胚子,
40206001,白色2阶手套,,装备,装备胚子,
40206002,绿色2阶手套,,装备,装备胚子,
40206003,绿色2阶手套,,装备,装备胚子,
40206004,蓝色2阶手套,,装备,装备胚子,
40206005,蓝色2阶手套,,装备,装备胚子,
40206006,紫色2阶手套,,装备,装备胚子,
40206007,紫色2阶手套,,装备,装备胚子,
40206008,紫色2阶手套,,装备,装备胚子,
40206009,橙色2阶手套,,装备,装备胚子,
40206010,橙色2阶手套,,装备,装备胚子,
40206011,橙色2阶手套,,装备,装备胚子,
40206012,红色2阶手套,,装备,装备胚子,
40206013,红色2阶手套,,装备,装备胚子,
40206014,红色2阶手套,,装备,装备胚子,
40206015,彩色2阶手套,,装备,装备胚子,
40206016,彩色2阶手套,,装备,装备胚子,
40206017,彩色2阶手套,,装备,装备胚子,
40301001,白色3阶头盔,,装备,装备胚子,
40301002,绿色3阶头盔,,装备,装备胚子,
40301003,绿色3阶头盔,,装备,装备胚子,
40301004,蓝色3阶头盔,,装备,装备胚子,
40301005,蓝色3阶头盔,,装备,装备胚子,
40301006,紫色3阶头盔,,装备,装备胚子,
40301007,紫色3阶头盔,,装备,装备胚子,
40301008,紫色3阶头盔,,装备,装备胚子,
40301009,橙色3阶头盔,,装备,装备胚子,
40301010,橙色3阶头盔,,装备,装备胚子,
40301011,橙色3阶头盔,,装备,装备胚子,
40301012,红色3阶头盔,,装备,装备胚子,
40301013,红色3阶头盔,,装备,装备胚子,
40301014,红色3阶头盔,,装备,装备胚子,
40301015,彩色3阶头盔,,装备,装备胚子,
40301016,彩色3阶头盔,,装备,装备胚子,
40301017,彩色3阶头盔,,装备,装备胚子,
40302001,白色3阶护臂,,装备,装备胚子,
40302002,绿色3阶护臂,,装备,装备胚子,
40302003,绿色3阶护臂,,装备,装备胚子,
40302004,蓝色3阶护臂,,装备,装备胚子,
40302005,蓝色3阶护臂,,装备,装备胚子,
40302006,紫色3阶护臂,,装备,装备胚子,
40302007,紫色3阶护臂,,装备,装备胚子,
40302008,紫色3阶护臂,,装备,装备胚子,
40302009,橙色3阶护臂,,装备,装备胚子,
40302010,橙色3阶护臂,,装备,装备胚子,
40302011,橙色3阶护臂,,装备,装备胚子,
40302012,红色3阶护臂,,装备,装备胚子,
40302013,红色3阶护臂,,装备,装备胚子,
40302014,红色3阶护臂,,装备,装备胚子,
40302015,彩色3阶护臂,,装备,装备胚子,
40302016,彩色3阶护臂,,装备,装备胚子,
40302017,彩色3阶护臂,,装备,装备胚子,
40303001,白色3阶衣服,,装备,装备胚子,
40303002,绿色3阶衣服,,装备,装备胚子,
40303003,绿色3阶衣服,,装备,装备胚子,
40303004,蓝色3阶衣服,,装备,装备胚子,
40303005,蓝色3阶衣服,,装备,装备胚子,
40303006,紫色3阶衣服,,装备,装备胚子,
40303007,紫色3阶衣服,,装备,装备胚子,
40303008,紫色3阶衣服,,装备,装备胚子,
40303009,橙色3阶衣服,,装备,装备胚子,
40303010,橙色3阶衣服,,装备,装备胚子,
40303011,橙色3阶衣服,,装备,装备胚子,
40303012,红色3阶衣服,,装备,装备胚子,
40303013,红色3阶衣服,,装备,装备胚子,
40303014,红色3阶衣服,,装备,装备胚子,
40303015,彩色3阶衣服,,装备,装备胚子,
40303016,彩色3阶衣服,,装备,装备胚子,
40303017,彩色3阶衣服,,装备,装备胚子,
40304001,白色3阶裤子,,装备,装备胚子,
40304002,绿色3阶裤子,,装备,装备胚子,
40304003,绿色3阶裤子,,装备,装备胚子,
40304004,蓝色3阶裤子,,装备,装备胚子,
40304005,蓝色3阶裤子,,装备,装备胚子,
40304006,紫色3阶裤子,,装备,装备胚子,
40304007,紫色3阶裤子,,装备,装备胚子,
40304008,紫色3阶裤子,,装备,装备胚子,
40304009,橙色3阶裤子,,装备,装备胚子,
40304010,橙色3阶裤子,,装备,装备胚子,
40304011,橙色3阶裤子,,装备,装备胚子,
40304012,红色3阶裤子,,装备,装备胚子,
40304013,红色3阶裤子,,装备,装备胚子,
40304014,红色3阶裤子,,装备,装备胚子,
40304015,彩色3阶裤子,,装备,装备胚子,
40304016,彩色3阶裤子,,装备,装备胚子,
40304017,彩色3阶裤子,,装备,装备胚子,
40305001,白色3阶鞋子,,装备,装备胚子,
40305002,绿色3阶鞋子,,装备,装备胚子,
40305003,绿色3阶鞋子,,装备,装备胚子,
40305004,蓝色3阶鞋子,,装备,装备胚子,
40305005,蓝色3阶鞋子,,装备,装备胚子,
40305006,紫色3阶鞋子,,装备,装备胚子,
40305007,紫色3阶鞋子,,装备,装备胚子,
40305008,紫色3阶鞋子,,装备,装备胚子,
40305009,橙色3阶鞋子,,装备,装备胚子,
40305010,橙色3阶鞋子,,装备,装备胚子,
40305011,橙色3阶鞋子,,装备,装备胚子,
40305012,红色3阶鞋子,,装备,装备胚子,
40305013,红色3阶鞋子,,装备,装备胚子,
40305014,红色3阶鞋子,,装备,装备胚子,
40305015,彩色3阶鞋子,,装备,装备胚子,
40305016,彩色3阶鞋子,,装备,装备胚子,
40305017,彩色3阶鞋子,,装备,装备胚子,
40306001,白色3阶手套,,装备,装备胚子,
40306002,绿色3阶手套,,装备,装备胚子,
40306003,绿色3阶手套,,装备,装备胚子,
40306004,蓝色3阶手套,,装备,装备胚子,
40306005,蓝色3阶手套,,装备,装备胚子,
40306006,紫色3阶手套,,装备,装备胚子,
40306007,紫色3阶手套,,装备,装备胚子,
40306008,紫色3阶手套,,装备,装备胚子,
40306009,橙色3阶手套,,装备,装备胚子,
40306010,橙色3阶手套,,装备,装备胚子,
40306011,橙色3阶手套,,装备,装备胚子,
40306012,红色3阶手套,,装备,装备胚子,
40306013,红色3阶手套,,装备,装备胚子,
40306014,红色3阶手套,,装备,装备胚子,
40306015,彩色3阶手套,,装备,装备胚子,
40306016,彩色3阶手套,,装备,装备胚子,
40306017,彩色3阶手套,,装备,装备胚子,
40401001,白色4阶头盔,,装备,装备胚子,
40401002,绿色4阶头盔,,装备,装备胚子,
40401003,绿色4阶头盔,,装备,装备胚子,
40401004,蓝色4阶头盔,,装备,装备胚子,
40401005,蓝色4阶头盔,,装备,装备胚子,
40401006,紫色4阶头盔,,装备,装备胚子,
40401007,紫色4阶头盔,,装备,装备胚子,
40401008,紫色4阶头盔,,装备,装备胚子,
40401009,橙色4阶头盔,,装备,装备胚子,
40401010,橙色4阶头盔,,装备,装备胚子,
40401011,橙色4阶头盔,,装备,装备胚子,
40401012,红色4阶头盔,,装备,装备胚子,
40401013,红色4阶头盔,,装备,装备胚子,
40401014,红色4阶头盔,,装备,装备胚子,
40401015,彩色4阶头盔,,装备,装备胚子,
40401016,彩色4阶头盔,,装备,装备胚子,
40401017,彩色4阶头盔,,装备,装备胚子,
40402001,白色4阶护臂,,装备,装备胚子,
40402002,绿色4阶护臂,,装备,装备胚子,
40402003,绿色4阶护臂,,装备,装备胚子,
40402004,蓝色4阶护臂,,装备,装备胚子,
40402005,蓝色4阶护臂,,装备,装备胚子,
40402006,紫色4阶护臂,,装备,装备胚子,
40402007,紫色4阶护臂,,装备,装备胚子,
40402008,紫色4阶护臂,,装备,装备胚子,
40402009,橙色4阶护臂,,装备,装备胚子,
40402010,橙色4阶护臂,,装备,装备胚子,
40402011,橙色4阶护臂,,装备,装备胚子,
40402012,红色4阶护臂,,装备,装备胚子,
40402013,红色4阶护臂,,装备,装备胚子,
40402014,红色4阶护臂,,装备,装备胚子,
40402015,彩色4阶护臂,,装备,装备胚子,
40402016,彩色4阶护臂,,装备,装备胚子,
40402017,彩色4阶护臂,,装备,装备胚子,
40403001,白色4阶衣服,,装备,装备胚子,
40403002,绿色4阶衣服,,装备,装备胚子,
40403003,绿色4阶衣服,,装备,装备胚子,
40403004,蓝色4阶衣服,,装备,装备胚子,
40403005,蓝色4阶衣服,,装备,装备胚子,
40403006,紫色4阶衣服,,装备,装备胚子,
40403007,紫色4阶衣服,,装备,装备胚子,
40403008,紫色4阶衣服,,装备,装备胚子,
40403009,橙色4阶衣服,,装备,装备胚子,
40403010,橙色4阶衣服,,装备,装备胚子,
40403011,橙色4阶衣服,,装备,装备胚子,
40403012,红色4阶衣服,,装备,装备胚子,
40403013,红色4阶衣服,,装备,装备胚子,
40403014,红色4阶衣服,,装备,装备胚子,
40403015,彩色4阶衣服,,装备,装备胚子,
40403016,彩色4阶衣服,,装备,装备胚子,
40403017,彩色4阶衣服,,装备,装备胚子,
40404001,白色4阶裤子,,装备,装备胚子,
40404002,绿色4阶裤子,,装备,装备胚子,
40404003,绿色4阶裤子,,装备,装备胚子,
40404004,蓝色4阶裤子,,装备,装备胚子,
40404005,蓝色4阶裤子,,装备,装备胚子,
40404006,紫色4阶裤子,,装备,装备胚子,
40404007,紫色4阶裤子,,装备,装备胚子,
40404008,紫色4阶裤子,,装备,装备胚子,
40404009,橙色4阶裤子,,装备,装备胚子,
40404010,橙色4阶裤子,,装备,装备胚子,
40404011,橙色4阶裤子,,装备,装备胚子,
40404012,红色4阶裤子,,装备,装备胚子,
40404013,红色4阶裤子,,装备,装备胚子,
40404014,红色4阶裤子,,装备,装备胚子,
40404015,彩色4阶裤子,,装备,装备胚子,
40404016,彩色4阶裤子,,装备,装备胚子,
40404017,彩色4阶裤子,,装备,装备胚子,
40405001,白色4阶鞋子,,装备,装备胚子,
40405002,绿色4阶鞋子,,装备,装备胚子,
40405003,绿色4阶鞋子,,装备,装备胚子,
40405004,蓝色4阶鞋子,,装备,装备胚子,
40405005,蓝色4阶鞋子,,装备,装备胚子,
40405006,紫色4阶鞋子,,装备,装备胚子,
40405007,紫色4阶鞋子,,装备,装备胚子,
40405008,紫色4阶鞋子,,装备,装备胚子,
40405009,橙色4阶鞋子,,装备,装备胚子,
40405010,橙色4阶鞋子,,装备,装备胚子,
40405011,橙色4阶鞋子,,装备,装备胚子,
40405012,红色4阶鞋子,,装备,装备胚子,
40405013,红色4阶鞋子,,装备,装备胚子,
40405014,红色4阶鞋子,,装备,装备胚子,
40405015,彩色4阶鞋子,,装备,装备胚子,
40405016,彩色4阶鞋子,,装备,装备胚子,
40405017,彩色4阶鞋子,,装备,装备胚子,
40406001,白色4阶手套,,装备,装备胚子,
40406002,绿色4阶手套,,装备,装备胚子,
40406003,绿色4阶手套,,装备,装备胚子,
40406004,蓝色4阶手套,,装备,装备胚子,
40406005,蓝色4阶手套,,装备,装备胚子,
40406006,紫色4阶手套,,装备,装备胚子,
40406007,紫色4阶手套,,装备,装备胚子,
40406008,紫色4阶手套,,装备,装备胚子,
40406009,橙色4阶手套,,装备,装备胚子,
40406010,橙色4阶手套,,装备,装备胚子,
40406011,橙色4阶手套,,装备,装备胚子,
40406012,红色4阶手套,,装备,装备胚子,
40406013,红色4阶手套,,装备,装备胚子,
40406014,红色4阶手套,,装备,装备胚子,
40406015,彩色4阶手套,,装备,装备胚子,
40406016,彩色4阶手套,,装备,装备胚子,
40406017,彩色4阶手套,,装备,装备胚子,
40501001,白色5阶头盔,,装备,装备胚子,
40501002,绿色5阶头盔,,装备,装备胚子,
40501003,绿色5阶头盔,,装备,装备胚子,
40501004,蓝色5阶头盔,,装备,装备胚子,
40501005,蓝色5阶头盔,,装备,装备胚子,
40501006,紫色5阶头盔,,装备,装备胚子,
40501007,紫色5阶头盔,,装备,装备胚子,
40501008,紫色5阶头盔,,装备,装备胚子,
40501009,橙色5阶头盔,,装备,装备胚子,
40501010,橙色5阶头盔,,装备,装备胚子,
40501011,橙色5阶头盔,,装备,装备胚子,
40501012,红色5阶头盔,,装备,装备胚子,
40501013,红色5阶头盔,,装备,装备胚子,
40501014,红色5阶头盔,,装备,装备胚子,
40501015,彩色5阶头盔,,装备,装备胚子,
40501016,彩色5阶头盔,,装备,装备胚子,
40501017,彩色5阶头盔,,装备,装备胚子,
40502001,白色5阶护臂,,装备,装备胚子,
40502002,绿色5阶护臂,,装备,装备胚子,
40502003,绿色5阶护臂,,装备,装备胚子,
40502004,蓝色5阶护臂,,装备,装备胚子,
40502005,蓝色5阶护臂,,装备,装备胚子,
40502006,紫色5阶护臂,,装备,装备胚子,
40502007,紫色5阶护臂,,装备,装备胚子,
40502008,紫色5阶护臂,,装备,装备胚子,
40502009,橙色5阶护臂,,装备,装备胚子,
40502010,橙色5阶护臂,,装备,装备胚子,
40502011,橙色5阶护臂,,装备,装备胚子,
40502012,红色5阶护臂,,装备,装备胚子,
40502013,红色5阶护臂,,装备,装备胚子,
40502014,红色5阶护臂,,装备,装备胚子,
40502015,彩色5阶护臂,,装备,装备胚子,
40502016,彩色5阶护臂,,装备,装备胚子,
40502017,彩色5阶护臂,,装备,装备胚子,
40503001,白色5阶衣服,,装备,装备胚子,
40503002,绿色5阶衣服,,装备,装备胚子,
40503003,绿色5阶衣服,,装备,装备胚子,
40503004,蓝色5阶衣服,,装备,装备胚子,
40503005,蓝色5阶衣服,,装备,装备胚子,
40503006,紫色5阶衣服,,装备,装备胚子,
40503007,紫色5阶衣服,,装备,装备胚子,
40503008,紫色5阶衣服,,装备,装备胚子,
40503009,橙色5阶衣服,,装备,装备胚子,
40503010,橙色5阶衣服,,装备,装备胚子,
40503011,橙色5阶衣服,,装备,装备胚子,
40503012,红色5阶衣服,,装备,装备胚子,
40503013,红色5阶衣服,,装备,装备胚子,
40503014,红色5阶衣服,,装备,装备胚子,
40503015,彩色5阶衣服,,装备,装备胚子,
40503016,彩色5阶衣服,,装备,装备胚子,
40503017,彩色5阶衣服,,装备,装备胚子,
40504001,白色5阶裤子,,装备,装备胚子,
40504002,绿色5阶裤子,,装备,装备胚子,
40504003,绿色5阶裤子,,装备,装备胚子,
40504004,蓝色5阶裤子,,装备,装备胚子,
40504005,蓝色5阶裤子,,装备,装备胚子,
40504006,紫色5阶裤子,,装备,装备胚子,
40504007,紫色5阶裤子,,装备,装备胚子,
40504008,紫色5阶裤子,,装备,装备胚子,
40504009,橙色5阶裤子,,装备,装备胚子,
40504010,橙色5阶裤子,,装备,装备胚子,
40504011,橙色5阶裤子,,装备,装备胚子,
40504012,红色5阶裤子,,装备,装备胚子,
40504013,红色5阶裤子,,装备,装备胚子,
40504014,红色5阶裤子,,装备,装备胚子,
40504015,彩色5阶裤子,,装备,装备胚子,
40504016,彩色5阶裤子,,装备,装备胚子,
40504017,彩色5阶裤子,,装备,装备胚子,
40505001,白色5阶鞋子,,装备,装备胚子,
40505002,绿色5阶鞋子,,装备,装备胚子,
40505003,绿色5阶鞋子,,装备,装备胚子,
40505004,蓝色5阶鞋子,,装备,装备胚子,
40505005,蓝色5阶鞋子,,装备,装备胚子,
40505006,紫色5阶鞋子,,装备,装备胚子,
40505007,紫色5阶鞋子,,装备,装备胚子,
40505008,紫色5阶鞋子,,装备,装备胚子,
40505009,橙色5阶鞋子,,装备,装备胚子,
40505010,橙色5阶鞋子,,装备,装备胚子,
40505011,橙色5阶鞋子,,装备,装备胚子,
40505012,红色5阶鞋子,,装备,装备胚子,
40505013,红色5阶鞋子,,装备,装备胚子,
40505014,红色5阶鞋子,,装备,装备胚子,
40505015,彩色5阶鞋子,,装备,装备胚子,
40505016,彩色5阶鞋子,,装备,装备胚子,
40505017,彩色5阶鞋子,,装备,装备胚子,
40506001,白色5阶手套,,装备,装备胚子,
40506002,绿色5阶手套,,装备,装备胚子,
40506003,绿色5阶手套,,装备,装备胚子,
40506004,蓝色5阶手套,,装备,装备胚子,
40506005,蓝色5阶手套,,装备,装备胚子,
40506006,紫色5阶手套,,装备,装备胚子,
40506007,紫色5阶手套,,装备,装备胚子,
40506008,紫色5阶手套,,装备,装备胚子,
40506009,橙色5阶手套,,装备,装备胚子,
40506010,橙色5阶手套,,装备,装备胚子,
40506011,橙色5阶手套,,装备,装备胚子,
40506012,红色5阶手套,,装备,装备胚子,
40506013,红色5阶手套,,装备,装备胚子,
40506014,红色5阶手套,,装备,装备胚子,
40506015,彩色5阶手套,,装备,装备胚子,
40506016,彩色5阶手套,,装备,装备胚子,
40506017,彩色5阶手套,,装备,装备胚子,
40601001,白色6阶头盔,,装备,装备胚子,
40601002,绿色6阶头盔,,装备,装备胚子,
40601003,绿色6阶头盔,,装备,装备胚子,
40601004,蓝色6阶头盔,,装备,装备胚子,
40601005,蓝色6阶头盔,,装备,装备胚子,
40601006,紫色6阶头盔,,装备,装备胚子,
40601007,紫色6阶头盔,,装备,装备胚子,
40601008,紫色6阶头盔,,装备,装备胚子,
40601009,橙色6阶头盔,,装备,装备胚子,
40601010,橙色6阶头盔,,装备,装备胚子,
40601011,橙色6阶头盔,,装备,装备胚子,
40601012,红色6阶头盔,,装备,装备胚子,
40601013,红色6阶头盔,,装备,装备胚子,
40601014,红色6阶头盔,,装备,装备胚子,
40601015,彩色6阶头盔,,装备,装备胚子,
40601016,彩色6阶头盔,,装备,装备胚子,
40601017,彩色6阶头盔,,装备,装备胚子,
40602001,白色6阶护臂,,装备,装备胚子,
40602002,绿色6阶护臂,,装备,装备胚子,
40602003,绿色6阶护臂,,装备,装备胚子,
40602004,蓝色6阶护臂,,装备,装备胚子,
40602005,蓝色6阶护臂,,装备,装备胚子,
40602006,紫色6阶护臂,,装备,装备胚子,
40602007,紫色6阶护臂,,装备,装备胚子,
40602008,紫色6阶护臂,,装备,装备胚子,
40602009,橙色6阶护臂,,装备,装备胚子,
40602010,橙色6阶护臂,,装备,装备胚子,
40602011,橙色6阶护臂,,装备,装备胚子,
40602012,红色6阶护臂,,装备,装备胚子,
40602013,红色6阶护臂,,装备,装备胚子,
40602014,红色6阶护臂,,装备,装备胚子,
40602015,彩色6阶护臂,,装备,装备胚子,
40602016,彩色6阶护臂,,装备,装备胚子,
40602017,彩色6阶护臂,,装备,装备胚子,
40603001,白色6阶衣服,,装备,装备胚子,
40603002,绿色6阶衣服,,装备,装备胚子,
40603003,绿色6阶衣服,,装备,装备胚子,
40603004,蓝色6阶衣服,,装备,装备胚子,
40603005,蓝色6阶衣服,,装备,装备胚子,
40603006,紫色6阶衣服,,装备,装备胚子,
40603007,紫色6阶衣服,,装备,装备胚子,
40603008,紫色6阶衣服,,装备,装备胚子,
40603009,橙色6阶衣服,,装备,装备胚子,
40603010,橙色6阶衣服,,装备,装备胚子,
40603011,橙色6阶衣服,,装备,装备胚子,
40603012,红色6阶衣服,,装备,装备胚子,
40603013,红色6阶衣服,,装备,装备胚子,
40603014,红色6阶衣服,,装备,装备胚子,
40603015,彩色6阶衣服,,装备,装备胚子,
40603016,彩色6阶衣服,,装备,装备胚子,
40603017,彩色6阶衣服,,装备,装备胚子,
40604001,白色6阶裤子,,装备,装备胚子,
40604002,绿色6阶裤子,,装备,装备胚子,
40604003,绿色6阶裤子,,装备,装备胚子,
40604004,蓝色6阶裤子,,装备,装备胚子,
40604005,蓝色6阶裤子,,装备,装备胚子,
40604006,紫色6阶裤子,,装备,装备胚子,
40604007,紫色6阶裤子,,装备,装备胚子,
40604008,紫色6阶裤子,,装备,装备胚子,
40604009,橙色6阶裤子,,装备,装备胚子,
40604010,橙色6阶裤子,,装备,装备胚子,
40604011,橙色6阶裤子,,装备,装备胚子,
40604012,红色6阶裤子,,装备,装备胚子,
40604013,红色6阶裤子,,装备,装备胚子,
40604014,红色6阶裤子,,装备,装备胚子,
40604015,彩色6阶裤子,,装备,装备胚子,
40604016,彩色6阶裤子,,装备,装备胚子,
40604017,彩色6阶裤子,,装备,装备胚子,
40605001,白色6阶鞋子,,装备,装备胚子,
40605002,绿色6阶鞋子,,装备,装备胚子,
40605003,绿色6阶鞋子,,装备,装备胚子,
40605004,蓝色6阶鞋子,,装备,装备胚子,
40605005,蓝色6阶鞋子,,装备,装备胚子,
40605006,紫色6阶鞋子,,装备,装备胚子,
40605007,紫色6阶鞋子,,装备,装备胚子,
40605008,紫色6阶鞋子,,装备,装备胚子,
40605009,橙色6阶鞋子,,装备,装备胚子,
40605010,橙色6阶鞋子,,装备,装备胚子,
40605011,橙色6阶鞋子,,装备,装备胚子,
40605012,红色6阶鞋子,,装备,装备胚子,
40605013,红色6阶鞋子,,装备,装备胚子,
40605014,红色6阶鞋子,,装备,装备胚子,
40605015,彩色6阶鞋子,,装备,装备胚子,
40605016,彩色6阶鞋子,,装备,装备胚子,
40605017,彩色6阶鞋子,,装备,装备胚子,
40606001,白色6阶手套,,装备,装备胚子,
40606002,绿色6阶手套,,装备,装备胚子,
40606003,绿色6阶手套,,装备,装备胚子,
40606004,蓝色6阶手套,,装备,装备胚子,
40606005,蓝色6阶手套,,装备,装备胚子,
40606006,紫色6阶手套,,装备,装备胚子,
40606007,紫色6阶手套,,装备,装备胚子,
40606008,紫色6阶手套,,装备,装备胚子,
40606009,橙色6阶手套,,装备,装备胚子,
40606010,橙色6阶手套,,装备,装备胚子,
40606011,橙色6阶手套,,装备,装备胚子,
40606012,红色6阶手套,,装备,装备胚子,
40606013,红色6阶手套,,装备,装备胚子,
40606014,红色6阶手套,,装备,装备胚子,
40606015,彩色6阶手套,,装备,装备胚子,
40606016,彩色6阶手套,,装备,装备胚子,
40606017,彩色6阶手套,,装备,装备胚子,
40701001,白色7阶头盔,,装备,装备胚子,
40701002,绿色7阶头盔,,装备,装备胚子,
40701003,绿色7阶头盔,,装备,装备胚子,
40701004,蓝色7阶头盔,,装备,装备胚子,
40701005,蓝色7阶头盔,,装备,装备胚子,
40701006,紫色7阶头盔,,装备,装备胚子,
40701007,紫色7阶头盔,,装备,装备胚子,
40701008,紫色7阶头盔,,装备,装备胚子,
40701009,橙色7阶头盔,,装备,装备胚子,
40701010,橙色7阶头盔,,装备,装备胚子,
40701011,橙色7阶头盔,,装备,装备胚子,
40701012,红色7阶头盔,,装备,装备胚子,
40701013,红色7阶头盔,,装备,装备胚子,
40701014,红色7阶头盔,,装备,装备胚子,
40701015,彩色7阶头盔,,装备,装备胚子,
40701016,彩色7阶头盔,,装备,装备胚子,
40701017,彩色7阶头盔,,装备,装备胚子,
40702001,白色7阶护臂,,装备,装备胚子,
40702002,绿色7阶护臂,,装备,装备胚子,
40702003,绿色7阶护臂,,装备,装备胚子,
40702004,蓝色7阶护臂,,装备,装备胚子,
40702005,蓝色7阶护臂,,装备,装备胚子,
40702006,紫色7阶护臂,,装备,装备胚子,
40702007,紫色7阶护臂,,装备,装备胚子,
40702008,紫色7阶护臂,,装备,装备胚子,
40702009,橙色7阶护臂,,装备,装备胚子,
40702010,橙色7阶护臂,,装备,装备胚子,
40702011,橙色7阶护臂,,装备,装备胚子,
40702012,红色7阶护臂,,装备,装备胚子,
40702013,红色7阶护臂,,装备,装备胚子,
40702014,红色7阶护臂,,装备,装备胚子,
40702015,彩色7阶护臂,,装备,装备胚子,
40702016,彩色7阶护臂,,装备,装备胚子,
40702017,彩色7阶护臂,,装备,装备胚子,
40703001,白色7阶衣服,,装备,装备胚子,
40703002,绿色7阶衣服,,装备,装备胚子,
40703003,绿色7阶衣服,,装备,装备胚子,
40703004,蓝色7阶衣服,,装备,装备胚子,
40703005,蓝色7阶衣服,,装备,装备胚子,
40703006,紫色7阶衣服,,装备,装备胚子,
40703007,紫色7阶衣服,,装备,装备胚子,
40703008,紫色7阶衣服,,装备,装备胚子,
40703009,橙色7阶衣服,,装备,装备胚子,
40703010,橙色7阶衣服,,装备,装备胚子,
40703011,橙色7阶衣服,,装备,装备胚子,
40703012,红色7阶衣服,,装备,装备胚子,
40703013,红色7阶衣服,,装备,装备胚子,
40703014,红色7阶衣服,,装备,装备胚子,
40703015,彩色7阶衣服,,装备,装备胚子,
40703016,彩色7阶衣服,,装备,装备胚子,
40703017,彩色7阶衣服,,装备,装备胚子,
40704001,白色7阶裤子,,装备,装备胚子,
40704002,绿色7阶裤子,,装备,装备胚子,
40704003,绿色7阶裤子,,装备,装备胚子,
40704004,蓝色7阶裤子,,装备,装备胚子,
40704005,蓝色7阶裤子,,装备,装备胚子,
40704006,紫色7阶裤子,,装备,装备胚子,
40704007,紫色7阶裤子,,装备,装备胚子,
40704008,紫色7阶裤子,,装备,装备胚子,
40704009,橙色7阶裤子,,装备,装备胚子,
40704010,橙色7阶裤子,,装备,装备胚子,
40704011,橙色7阶裤子,,装备,装备胚子,
40704012,红色7阶裤子,,装备,装备胚子,
40704013,红色7阶裤子,,装备,装备胚子,
40704014,红色7阶裤子,,装备,装备胚子,
40704015,彩色7阶裤子,,装备,装备胚子,
40704016,彩色7阶裤子,,装备,装备胚子,
40704017,彩色7阶裤子,,装备,装备胚子,
40705001,白色7阶鞋子,,装备,装备胚子,
40705002,绿色7阶鞋子,,装备,装备胚子,
40705003,绿色7阶鞋子,,装备,装备胚子,
40705004,蓝色7阶鞋子,,装备,装备胚子,
40705005,蓝色7阶鞋子,,装备,装备胚子,
40705006,紫色7阶鞋子,,装备,装备胚子,
40705007,紫色7阶鞋子,,装备,装备胚子,
40705008,紫色7阶鞋子,,装备,装备胚子,
40705009,橙色7阶鞋子,,装备,装备胚子,
40705010,橙色7阶鞋子,,装备,装备胚子,
40705011,橙色7阶鞋子,,装备,装备胚子,
40705012,红色7阶鞋子,,装备,装备胚子,
40705013,红色7阶鞋子,,装备,装备胚子,
40705014,红色7阶鞋子,,装备,装备胚子,
40705015,彩色7阶鞋子,,装备,装备胚子,
40705016,彩色7阶鞋子,,装备,装备胚子,
40705017,彩色7阶鞋子,,装备,装备胚子,
40706001,白色7阶手套,,装备,装备胚子,
40706002,绿色7阶手套,,装备,装备胚子,
40706003,绿色7阶手套,,装备,装备胚子,
40706004,蓝色7阶手套,,装备,装备胚子,
40706005,蓝色7阶手套,,装备,装备胚子,
40706006,紫色7阶手套,,装备,装备胚子,
40706007,紫色7阶手套,,装备,装备胚子,
40706008,紫色7阶手套,,装备,装备胚子,
40706009,橙色7阶手套,,装备,装备胚子,
40706010,橙色7阶手套,,装备,装备胚子,
40706011,橙色7阶手套,,装备,装备胚子,
40706012,红色7阶手套,,装备,装备胚子,
40706013,红色7阶手套,,装备,装备胚子,
40706014,红色7阶手套,,装备,装备胚子,
40706015,彩色7阶手套,,装备,装备胚子,
40706016,彩色7阶手套,,装备,装备胚子,
40706017,彩色7阶手套,,装备,装备胚子,
40801001,白色8阶头盔,,装备,装备胚子,
40801002,绿色8阶头盔,,装备,装备胚子,
40801003,绿色8阶头盔,,装备,装备胚子,
40801004,蓝色8阶头盔,,装备,装备胚子,
40801005,蓝色8阶头盔,,装备,装备胚子,
40801006,紫色8阶头盔,,装备,装备胚子,
40801007,紫色8阶头盔,,装备,装备胚子,
40801008,紫色8阶头盔,,装备,装备胚子,
40801009,橙色8阶头盔,,装备,装备胚子,
40801010,橙色8阶头盔,,装备,装备胚子,
40801011,橙色8阶头盔,,装备,装备胚子,
40801012,红色8阶头盔,,装备,装备胚子,
40801013,红色8阶头盔,,装备,装备胚子,
40801014,红色8阶头盔,,装备,装备胚子,
40801015,彩色8阶头盔,,装备,装备胚子,
40801016,彩色8阶头盔,,装备,装备胚子,
40801017,彩色8阶头盔,,装备,装备胚子,
40802001,白色8阶护臂,,装备,装备胚子,
40802002,绿色8阶护臂,,装备,装备胚子,
40802003,绿色8阶护臂,,装备,装备胚子,
40802004,蓝色8阶护臂,,装备,装备胚子,
40802005,蓝色8阶护臂,,装备,装备胚子,
40802006,紫色8阶护臂,,装备,装备胚子,
40802007,紫色8阶护臂,,装备,装备胚子,
40802008,紫色8阶护臂,,装备,装备胚子,
40802009,橙色8阶护臂,,装备,装备胚子,
40802010,橙色8阶护臂,,装备,装备胚子,
40802011,橙色8阶护臂,,装备,装备胚子,
40802012,红色8阶护臂,,装备,装备胚子,
40802013,红色8阶护臂,,装备,装备胚子,
40802014,红色8阶护臂,,装备,装备胚子,
40802015,彩色8阶护臂,,装备,装备胚子,
40802016,彩色8阶护臂,,装备,装备胚子,
40802017,彩色8阶护臂,,装备,装备胚子,
40803001,白色8阶衣服,,装备,装备胚子,
40803002,绿色8阶衣服,,装备,装备胚子,
40803003,绿色8阶衣服,,装备,装备胚子,
40803004,蓝色8阶衣服,,装备,装备胚子,
40803005,蓝色8阶衣服,,装备,装备胚子,
40803006,紫色8阶衣服,,装备,装备胚子,
40803007,紫色8阶衣服,,装备,装备胚子,
40803008,紫色8阶衣服,,装备,装备胚子,
40803009,橙色8阶衣服,,装备,装备胚子,
40803010,橙色8阶衣服,,装备,装备胚子,
40803011,橙色8阶衣服,,装备,装备胚子,
40803012,红色8阶衣服,,装备,装备胚子,
40803013,红色8阶衣服,,装备,装备胚子,
40803014,红色8阶衣服,,装备,装备胚子,
40803015,彩色8阶衣服,,装备,装备胚子,
40803016,彩色8阶衣服,,装备,装备胚子,
40803017,彩色8阶衣服,,装备,装备胚子,
40804001,白色8阶裤子,,装备,装备胚子,
40804002,绿色8阶裤子,,装备,装备胚子,
40804003,绿色8阶裤子,,装备,装备胚子,
40804004,蓝色8阶裤子,,装备,装备胚子,
40804005,蓝色8阶裤子,,装备,装备胚子,
40804006,紫色8阶裤子,,装备,装备胚子,
40804007,紫色8阶裤子,,装备,装备胚子,
40804008,紫色8阶裤子,,装备,装备胚子,
40804009,橙色8阶裤子,,装备,装备胚子,
40804010,橙色8阶裤子,,装备,装备胚子,
40804011,橙色8阶裤子,,装备,装备胚子,
40804012,红色8阶裤子,,装备,装备胚子,
40804013,红色8阶裤子,,装备,装备胚子,
40804014,红色8阶裤子,,装备,装备胚子,
40804015,彩色8阶裤子,,装备,装备胚子,
40804016,彩色8阶裤子,,装备,装备胚子,
40804017,彩色8阶裤子,,装备,装备胚子,
40805001,白色8阶鞋子,,装备,装备胚子,
40805002,绿色8阶鞋子,,装备,装备胚子,
40805003,绿色8阶鞋子,,装备,装备胚子,
40805004,蓝色8阶鞋子,,装备,装备胚子,
40805005,蓝色8阶鞋子,,装备,装备胚子,
40805006,紫色8阶鞋子,,装备,装备胚子,
40805007,紫色8阶鞋子,,装备,装备胚子,
40805008,紫色8阶鞋子,,装备,装备胚子,
40805009,橙色8阶鞋子,,装备,装备胚子,
40805010,橙色8阶鞋子,,装备,装备胚子,
40805011,橙色8阶鞋子,,装备,装备胚子,
40805012,红色8阶鞋子,,装备,装备胚子,
40805013,红色8阶鞋子,,装备,装备胚子,
40805014,红色8阶鞋子,,装备,装备胚子,
40805015,彩色8阶鞋子,,装备,装备胚子,
40805016,彩色8阶鞋子,,装备,装备胚子,
40805017,彩色8阶鞋子,,装备,装备胚子,
40806001,白色8阶手套,,装备,装备胚子,
40806002,绿色8阶手套,,装备,装备胚子,
40806003,绿色8阶手套,,装备,装备胚子,
40806004,蓝色8阶手套,,装备,装备胚子,
40806005,蓝色8阶手套,,装备,装备胚子,
40806006,紫色8阶手套,,装备,装备胚子,
40806007,紫色8阶手套,,装备,装备胚子,
40806008,紫色8阶手套,,装备,装备胚子,
40806009,橙色8阶手套,,装备,装备胚子,
40806010,橙色8阶手套,,装备,装备胚子,
40806011,橙色8阶手套,,装备,装备胚子,
40806012,红色8阶手套,,装备,装备胚子,
40806013,红色8阶手套,,装备,装备胚子,
40806014,红色8阶手套,,装备,装备胚子,
40806015,彩色8阶手套,,装备,装备胚子,
40806016,彩色8阶手套,,装备,装备胚子,
40806017,彩色8阶手套,,装备,装备胚子,
40901001,白色9阶头盔,,装备,装备胚子,
40901002,绿色9阶头盔,,装备,装备胚子,
40901003,绿色9阶头盔,,装备,装备胚子,
40901004,蓝色9阶头盔,,装备,装备胚子,
40901005,蓝色9阶头盔,,装备,装备胚子,
40901006,紫色9阶头盔,,装备,装备胚子,
40901007,紫色9阶头盔,,装备,装备胚子,
40901008,紫色9阶头盔,,装备,装备胚子,
40901009,橙色9阶头盔,,装备,装备胚子,
40901010,橙色9阶头盔,,装备,装备胚子,
40901011,橙色9阶头盔,,装备,装备胚子,
40901012,红色9阶头盔,,装备,装备胚子,
40901013,红色9阶头盔,,装备,装备胚子,
40901014,红色9阶头盔,,装备,装备胚子,
40901015,彩色9阶头盔,,装备,装备胚子,
40901016,彩色9阶头盔,,装备,装备胚子,
40901017,彩色9阶头盔,,装备,装备胚子,
40902001,白色9阶护臂,,装备,装备胚子,
40902002,绿色9阶护臂,,装备,装备胚子,
40902003,绿色9阶护臂,,装备,装备胚子,
40902004,蓝色9阶护臂,,装备,装备胚子,
40902005,蓝色9阶护臂,,装备,装备胚子,
40902006,紫色9阶护臂,,装备,装备胚子,
40902007,紫色9阶护臂,,装备,装备胚子,
40902008,紫色9阶护臂,,装备,装备胚子,
40902009,橙色9阶护臂,,装备,装备胚子,
40902010,橙色9阶护臂,,装备,装备胚子,
40902011,橙色9阶护臂,,装备,装备胚子,
40902012,红色9阶护臂,,装备,装备胚子,
40902013,红色9阶护臂,,装备,装备胚子,
40902014,红色9阶护臂,,装备,装备胚子,
40902015,彩色9阶护臂,,装备,装备胚子,
40902016,彩色9阶护臂,,装备,装备胚子,
40902017,彩色9阶护臂,,装备,装备胚子,
40903001,白色9阶衣服,,装备,装备胚子,
40903002,绿色9阶衣服,,装备,装备胚子,
40903003,绿色9阶衣服,,装备,装备胚子,
40903004,蓝色9阶衣服,,装备,装备胚子,
40903005,蓝色9阶衣服,,装备,装备胚子,
40903006,紫色9阶衣服,,装备,装备胚子,
40903007,紫色9阶衣服,,装备,装备胚子,
40903008,紫色9阶衣服,,装备,装备胚子,
40903009,橙色9阶衣服,,装备,装备胚子,
40903010,橙色9阶衣服,,装备,装备胚子,
40903011,橙色9阶衣服,,装备,装备胚子,
40903012,红色9阶衣服,,装备,装备胚子,
40903013,红色9阶衣服,,装备,装备胚子,
40903014,红色9阶衣服,,装备,装备胚子,
40903015,彩色9阶衣服,,装备,装备胚子,
40903016,彩色9阶衣服,,装备,装备胚子,
40903017,彩色9阶衣服,,装备,装备胚子,
40904001,白色9阶裤子,,装备,装备胚子,
40904002,绿色9阶裤子,,装备,装备胚子,
40904003,绿色9阶裤子,,装备,装备胚子,
40904004,蓝色9阶裤子,,装备,装备胚子,
40904005,蓝色9阶裤子,,装备,装备胚子,
40904006,紫色9阶裤子,,装备,装备胚子,
40904007,紫色9阶裤子,,装备,装备胚子,
40904008,紫色9阶裤子,,装备,装备胚子,
40904009,橙色9阶裤子,,装备,装备胚子,
40904010,橙色9阶裤子,,装备,装备胚子,
40904011,橙色9阶裤子,,装备,装备胚子,
40904012,红色9阶裤子,,装备,装备胚子,
40904013,红色9阶裤子,,装备,装备胚子,
40904014,红色9阶裤子,,装备,装备胚子,
40904015,彩色9阶裤子,,装备,装备胚子,
40904016,彩色9阶裤子,,装备,装备胚子,
40904017,彩色9阶裤子,,装备,装备胚子,
40905001,白色9阶鞋子,,装备,装备胚子,
40905002,绿色9阶鞋子,,装备,装备胚子,
40905003,绿色9阶鞋子,,装备,装备胚子,
40905004,蓝色9阶鞋子,,装备,装备胚子,
40905005,蓝色9阶鞋子,,装备,装备胚子,
40905006,紫色9阶鞋子,,装备,装备胚子,
40905007,紫色9阶鞋子,,装备,装备胚子,
40905008,紫色9阶鞋子,,装备,装备胚子,
40905009,橙色9阶鞋子,,装备,装备胚子,
40905010,橙色9阶鞋子,,装备,装备胚子,
40905011,橙色9阶鞋子,,装备,装备胚子,
40905012,红色9阶鞋子,,装备,装备胚子,
40905013,红色9阶鞋子,,装备,装备胚子,
40905014,红色9阶鞋子,,装备,装备胚子,
40905015,彩色9阶鞋子,,装备,装备胚子,
40905016,彩色9阶鞋子,,装备,装备胚子,
40905017,彩色9阶鞋子,,装备,装备胚子,
40906001,白色9阶手套,,装备,装备胚子,
40906002,绿色9阶手套,,装备,装备胚子,
40906003,绿色9阶手套,,装备,装备胚子,
40906004,蓝色9阶手套,,装备,装备胚子,
40906005,蓝色9阶手套,,装备,装备胚子,
40906006,紫色9阶手套,,装备,装备胚子,
40906007,紫色9阶手套,,装备,装备胚子,
40906008,紫色9阶手套,,装备,装备胚子,
40906009,橙色9阶手套,,装备,装备胚子,
40906010,橙色9阶手套,,装备,装备胚子,
40906011,橙色9阶手套,,装备,装备胚子,
40906012,红色9阶手套,,装备,装备胚子,
40906013,红色9阶手套,,装备,装备胚子,
40906014,红色9阶手套,,装备,装备胚子,
40906015,彩色9阶手套,,装备,装备胚子,
40906016,彩色9阶手套,,装备,装备胚子,
40906017,彩色9阶手套,,装备,装备胚子,
41001001,白色10阶头盔,,装备,装备胚子,
41001002,绿色10阶头盔,,装备,装备胚子,
41001003,绿色10阶头盔,,装备,装备胚子,
41001004,蓝色10阶头盔,,装备,装备胚子,
41001005,蓝色10阶头盔,,装备,装备胚子,
41001006,紫色10阶头盔,,装备,装备胚子,
41001007,紫色10阶头盔,,装备,装备胚子,
41001008,紫色10阶头盔,,装备,装备胚子,
41001009,橙色10阶头盔,,装备,装备胚子,
41001010,橙色10阶头盔,,装备,装备胚子,
41001011,橙色10阶头盔,,装备,装备胚子,
41001012,红色10阶头盔,,装备,装备胚子,
41001013,红色10阶头盔,,装备,装备胚子,
41001014,红色10阶头盔,,装备,装备胚子,
41001015,彩色10阶头盔,,装备,装备胚子,
41001016,彩色10阶头盔,,装备,装备胚子,
41001017,彩色10阶头盔,,装备,装备胚子,
41002001,白色10阶护臂,,装备,装备胚子,
41002002,绿色10阶护臂,,装备,装备胚子,
41002003,绿色10阶护臂,,装备,装备胚子,
41002004,蓝色10阶护臂,,装备,装备胚子,
41002005,蓝色10阶护臂,,装备,装备胚子,
41002006,紫色10阶护臂,,装备,装备胚子,
41002007,紫色10阶护臂,,装备,装备胚子,
41002008,紫色10阶护臂,,装备,装备胚子,
41002009,橙色10阶护臂,,装备,装备胚子,
41002010,橙色10阶护臂,,装备,装备胚子,
41002011,橙色10阶护臂,,装备,装备胚子,
41002012,红色10阶护臂,,装备,装备胚子,
41002013,红色10阶护臂,,装备,装备胚子,
41002014,红色10阶护臂,,装备,装备胚子,
41002015,彩色10阶护臂,,装备,装备胚子,
41002016,彩色10阶护臂,,装备,装备胚子,
41002017,彩色10阶护臂,,装备,装备胚子,
41003001,白色10阶衣服,,装备,装备胚子,
41003002,绿色10阶衣服,,装备,装备胚子,
41003003,绿色10阶衣服,,装备,装备胚子,
41003004,蓝色10阶衣服,,装备,装备胚子,
41003005,蓝色10阶衣服,,装备,装备胚子,
41003006,紫色10阶衣服,,装备,装备胚子,
41003007,紫色10阶衣服,,装备,装备胚子,
41003008,紫色10阶衣服,,装备,装备胚子,
41003009,橙色10阶衣服,,装备,装备胚子,
41003010,橙色10阶衣服,,装备,装备胚子,
41003011,橙色10阶衣服,,装备,装备胚子,
41003012,红色10阶衣服,,装备,装备胚子,
41003013,红色10阶衣服,,装备,装备胚子,
41003014,红色10阶衣服,,装备,装备胚子,
41003015,彩色10阶衣服,,装备,装备胚子,
41003016,彩色10阶衣服,,装备,装备胚子,
41003017,彩色10阶衣服,,装备,装备胚子,
41004001,白色10阶裤子,,装备,装备胚子,
41004002,绿色10阶裤子,,装备,装备胚子,
41004003,绿色10阶裤子,,装备,装备胚子,
41004004,蓝色10阶裤子,,装备,装备胚子,
41004005,蓝色10阶裤子,,装备,装备胚子,
41004006,紫色10阶裤子,,装备,装备胚子,
41004007,紫色10阶裤子,,装备,装备胚子,
41004008,紫色10阶裤子,,装备,装备胚子,
41004009,橙色10阶裤子,,装备,装备胚子,
41004010,橙色10阶裤子,,装备,装备胚子,
41004011,橙色10阶裤子,,装备,装备胚子,
41004012,红色10阶裤子,,装备,装备胚子,
41004013,红色10阶裤子,,装备,装备胚子,
41004014,红色10阶裤子,,装备,装备胚子,
41004015,彩色10阶裤子,,装备,装备胚子,
41004016,彩色10阶裤子,,装备,装备胚子,
41004017,彩色10阶裤子,,装备,装备胚子,
41005001,白色10阶鞋子,,装备,装备胚子,
41005002,绿色10阶鞋子,,装备,装备胚子,
41005003,绿色10阶鞋子,,装备,装备胚子,
41005004,蓝色10阶鞋子,,装备,装备胚子,
41005005,蓝色10阶鞋子,,装备,装备胚子,
41005006,紫色10阶鞋子,,装备,装备胚子,
41005007,紫色10阶鞋子,,装备,装备胚子,
41005008,紫色10阶鞋子,,装备,装备胚子,
41005009,橙色10阶鞋子,,装备,装备胚子,
41005010,橙色10阶鞋子,,装备,装备胚子,
41005011,橙色10阶鞋子,,装备,装备胚子,
41005012,红色10阶鞋子,,装备,装备胚子,
41005013,红色10阶鞋子,,装备,装备胚子,
41005014,红色10阶鞋子,,装备,装备胚子,
41005015,彩色10阶鞋子,,装备,装备胚子,
41005016,彩色10阶鞋子,,装备,装备胚子,
41005017,彩色10阶鞋子,,装备,装备胚子,
41006001,白色10阶手套,,装备,装备胚子,
41006002,绿色10阶手套,,装备,装备胚子,
41006003,绿色10阶手套,,装备,装备胚子,
41006004,蓝色10阶手套,,装备,装备胚子,
41006005,蓝色10阶手套,,装备,装备胚子,
41006006,紫色10阶手套,,装备,装备胚子,
41006007,紫色10阶手套,,装备,装备胚子,
41006008,紫色10阶手套,,装备,装备胚子,
41006009,橙色10阶手套,,装备,装备胚子,
41006010,橙色10阶手套,,装备,装备胚子,
41006011,橙色10阶手套,,装备,装备胚子,
41006012,红色10阶手套,,装备,装备胚子,
41006013,红色10阶手套,,装备,装备胚子,
41006014,红色10阶手套,,装备,装备胚子,
41006015,彩色10阶手套,,装备,装备胚子,
41006016,彩色10阶手套,,装备,装备胚子,
41006017,彩色10阶手套,,装备,装备胚子,
41101001,白色11阶头盔,,装备,装备胚子,
41101002,绿色11阶头盔,,装备,装备胚子,
41101003,绿色11阶头盔,,装备,装备胚子,
41101004,蓝色11阶头盔,,装备,装备胚子,
41101005,蓝色11阶头盔,,装备,装备胚子,
41101006,紫色11阶头盔,,装备,装备胚子,
41101007,紫色11阶头盔,,装备,装备胚子,
41101008,紫色11阶头盔,,装备,装备胚子,
41101009,橙色11阶头盔,,装备,装备胚子,
41101010,橙色11阶头盔,,装备,装备胚子,
41101011,橙色11阶头盔,,装备,装备胚子,
41101012,红色11阶头盔,,装备,装备胚子,
41101013,红色11阶头盔,,装备,装备胚子,
41101014,红色11阶头盔,,装备,装备胚子,
41101015,彩色11阶头盔,,装备,装备胚子,
41101016,彩色11阶头盔,,装备,装备胚子,
41101017,彩色11阶头盔,,装备,装备胚子,
41102001,白色11阶护臂,,装备,装备胚子,
41102002,绿色11阶护臂,,装备,装备胚子,
41102003,绿色11阶护臂,,装备,装备胚子,
41102004,蓝色11阶护臂,,装备,装备胚子,
41102005,蓝色11阶护臂,,装备,装备胚子,
41102006,紫色11阶护臂,,装备,装备胚子,
41102007,紫色11阶护臂,,装备,装备胚子,
41102008,紫色11阶护臂,,装备,装备胚子,
41102009,橙色11阶护臂,,装备,装备胚子,
41102010,橙色11阶护臂,,装备,装备胚子,
41102011,橙色11阶护臂,,装备,装备胚子,
41102012,红色11阶护臂,,装备,装备胚子,
41102013,红色11阶护臂,,装备,装备胚子,
41102014,红色11阶护臂,,装备,装备胚子,
41102015,彩色11阶护臂,,装备,装备胚子,
41102016,彩色11阶护臂,,装备,装备胚子,
41102017,彩色11阶护臂,,装备,装备胚子,
41103001,白色11阶衣服,,装备,装备胚子,
41103002,绿色11阶衣服,,装备,装备胚子,
41103003,绿色11阶衣服,,装备,装备胚子,
41103004,蓝色11阶衣服,,装备,装备胚子,
41103005,蓝色11阶衣服,,装备,装备胚子,
41103006,紫色11阶衣服,,装备,装备胚子,
41103007,紫色11阶衣服,,装备,装备胚子,
41103008,紫色11阶衣服,,装备,装备胚子,
41103009,橙色11阶衣服,,装备,装备胚子,
41103010,橙色11阶衣服,,装备,装备胚子,
41103011,橙色11阶衣服,,装备,装备胚子,
41103012,红色11阶衣服,,装备,装备胚子,
41103013,红色11阶衣服,,装备,装备胚子,
41103014,红色11阶衣服,,装备,装备胚子,
41103015,彩色11阶衣服,,装备,装备胚子,
41103016,彩色11阶衣服,,装备,装备胚子,
41103017,彩色11阶衣服,,装备,装备胚子,
41104001,白色11阶裤子,,装备,装备胚子,
41104002,绿色11阶裤子,,装备,装备胚子,
41104003,绿色11阶裤子,,装备,装备胚子,
41104004,蓝色11阶裤子,,装备,装备胚子,
41104005,蓝色11阶裤子,,装备,装备胚子,
41104006,紫色11阶裤子,,装备,装备胚子,
41104007,紫色11阶裤子,,装备,装备胚子,
41104008,紫色11阶裤子,,装备,装备胚子,
41104009,橙色11阶裤子,,装备,装备胚子,
41104010,橙色11阶裤子,,装备,装备胚子,
41104011,橙色11阶裤子,,装备,装备胚子,
41104012,红色11阶裤子,,装备,装备胚子,
41104013,红色11阶裤子,,装备,装备胚子,
41104014,红色11阶裤子,,装备,装备胚子,
41104015,彩色11阶裤子,,装备,装备胚子,
41104016,彩色11阶裤子,,装备,装备胚子,
41104017,彩色11阶裤子,,装备,装备胚子,
41105001,白色11阶鞋子,,装备,装备胚子,
41105002,绿色11阶鞋子,,装备,装备胚子,
41105003,绿色11阶鞋子,,装备,装备胚子,
41105004,蓝色11阶鞋子,,装备,装备胚子,
41105005,蓝色11阶鞋子,,装备,装备胚子,
41105006,紫色11阶鞋子,,装备,装备胚子,
41105007,紫色11阶鞋子,,装备,装备胚子,
41105008,紫色11阶鞋子,,装备,装备胚子,
41105009,橙色11阶鞋子,,装备,装备胚子,
41105010,橙色11阶鞋子,,装备,装备胚子,
41105011,橙色11阶鞋子,,装备,装备胚子,
41105012,红色11阶鞋子,,装备,装备胚子,
41105013,红色11阶鞋子,,装备,装备胚子,
41105014,红色11阶鞋子,,装备,装备胚子,
41105015,彩色11阶鞋子,,装备,装备胚子,
41105016,彩色11阶鞋子,,装备,装备胚子,
41105017,彩色11阶鞋子,,装备,装备胚子,
41106001,白色11阶手套,,装备,装备胚子,
41106002,绿色11阶手套,,装备,装备胚子,
41106003,绿色11阶手套,,装备,装备胚子,
41106004,蓝色11阶手套,,装备,装备胚子,
41106005,蓝色11阶手套,,装备,装备胚子,
41106006,紫色11阶手套,,装备,装备胚子,
41106007,紫色11阶手套,,装备,装备胚子,
41106008,紫色11阶手套,,装备,装备胚子,
41106009,橙色11阶手套,,装备,装备胚子,
41106010,橙色11阶手套,,装备,装备胚子,
41106011,橙色11阶手套,,装备,装备胚子,
41106012,红色11阶手套,,装备,装备胚子,
41106013,红色11阶手套,,装备,装备胚子,
41106014,红色11阶手套,,装备,装备胚子,
41106015,彩色11阶手套,,装备,装备胚子,
41106016,彩色11阶手套,,装备,装备胚子,
41106017,彩色11阶手套,,装备,装备胚子,
41201001,白色12阶头盔,,装备,装备胚子,
41201002,绿色12阶头盔,,装备,装备胚子,
41201003,绿色12阶头盔,,装备,装备胚子,
41201004,蓝色12阶头盔,,装备,装备胚子,
41201005,蓝色12阶头盔,,装备,装备胚子,
41201006,紫色12阶头盔,,装备,装备胚子,
41201007,紫色12阶头盔,,装备,装备胚子,
41201008,紫色12阶头盔,,装备,装备胚子,
41201009,橙色12阶头盔,,装备,装备胚子,
41201010,橙色12阶头盔,,装备,装备胚子,
41201011,橙色12阶头盔,,装备,装备胚子,
41201012,红色12阶头盔,,装备,装备胚子,
41201013,红色12阶头盔,,装备,装备胚子,
41201014,红色12阶头盔,,装备,装备胚子,
41201015,彩色12阶头盔,,装备,装备胚子,
41201016,彩色12阶头盔,,装备,装备胚子,
41201017,彩色12阶头盔,,装备,装备胚子,
41202001,白色12阶护臂,,装备,装备胚子,
41202002,绿色12阶护臂,,装备,装备胚子,
41202003,绿色12阶护臂,,装备,装备胚子,
41202004,蓝色12阶护臂,,装备,装备胚子,
41202005,蓝色12阶护臂,,装备,装备胚子,
41202006,紫色12阶护臂,,装备,装备胚子,
41202007,紫色12阶护臂,,装备,装备胚子,
41202008,紫色12阶护臂,,装备,装备胚子,
41202009,橙色12阶护臂,,装备,装备胚子,
41202010,橙色12阶护臂,,装备,装备胚子,
41202011,橙色12阶护臂,,装备,装备胚子,
41202012,红色12阶护臂,,装备,装备胚子,
41202013,红色12阶护臂,,装备,装备胚子,
41202014,红色12阶护臂,,装备,装备胚子,
41202015,彩色12阶护臂,,装备,装备胚子,
41202016,彩色12阶护臂,,装备,装备胚子,
41202017,彩色12阶护臂,,装备,装备胚子,
41203001,白色12阶衣服,,装备,装备胚子,
41203002,绿色12阶衣服,,装备,装备胚子,
41203003,绿色12阶衣服,,装备,装备胚子,
41203004,蓝色12阶衣服,,装备,装备胚子,
41203005,蓝色12阶衣服,,装备,装备胚子,
41203006,紫色12阶衣服,,装备,装备胚子,
41203007,紫色12阶衣服,,装备,装备胚子,
41203008,紫色12阶衣服,,装备,装备胚子,
41203009,橙色12阶衣服,,装备,装备胚子,
41203010,橙色12阶衣服,,装备,装备胚子,
41203011,橙色12阶衣服,,装备,装备胚子,
41203012,红色12阶衣服,,装备,装备胚子,
41203013,红色12阶衣服,,装备,装备胚子,
41203014,红色12阶衣服,,装备,装备胚子,
41203015,彩色12阶衣服,,装备,装备胚子,
41203016,彩色12阶衣服,,装备,装备胚子,
41203017,彩色12阶衣服,,装备,装备胚子,
41204001,白色12阶裤子,,装备,装备胚子,
41204002,绿色12阶裤子,,装备,装备胚子,
41204003,绿色12阶裤子,,装备,装备胚子,
41204004,蓝色12阶裤子,,装备,装备胚子,
41204005,蓝色12阶裤子,,装备,装备胚子,
41204006,紫色12阶裤子,,装备,装备胚子,
41204007,紫色12阶裤子,,装备,装备胚子,
41204008,紫色12阶裤子,,装备,装备胚子,
41204009,橙色12阶裤子,,装备,装备胚子,
41204010,橙色12阶裤子,,装备,装备胚子,
41204011,橙色12阶裤子,,装备,装备胚子,
41204012,红色12阶裤子,,装备,装备胚子,
41204013,红色12阶裤子,,装备,装备胚子,
41204014,红色12阶裤子,,装备,装备胚子,
41204015,彩色12阶裤子,,装备,装备胚子,
41204016,彩色12阶裤子,,装备,装备胚子,
41204017,彩色12阶裤子,,装备,装备胚子,
41205001,白色12阶鞋子,,装备,装备胚子,
41205002,绿色12阶鞋子,,装备,装备胚子,
41205003,绿色12阶鞋子,,装备,装备胚子,
41205004,蓝色12阶鞋子,,装备,装备胚子,
41205005,蓝色12阶鞋子,,装备,装备胚子,
41205006,紫色12阶鞋子,,装备,装备胚子,
41205007,紫色12阶鞋子,,装备,装备胚子,
41205008,紫色12阶鞋子,,装备,装备胚子,
41205009,橙色12阶鞋子,,装备,装备胚子,
41205010,橙色12阶鞋子,,装备,装备胚子,
41205011,橙色12阶鞋子,,装备,装备胚子,
41205012,红色12阶鞋子,,装备,装备胚子,
41205013,红色12阶鞋子,,装备,装备胚子,
41205014,红色12阶鞋子,,装备,装备胚子,
41205015,彩色12阶鞋子,,装备,装备胚子,
41205016,彩色12阶鞋子,,装备,装备胚子,
41205017,彩色12阶鞋子,,装备,装备胚子,
41206001,白色12阶手套,,装备,装备胚子,
41206002,绿色12阶手套,,装备,装备胚子,
41206003,绿色12阶手套,,装备,装备胚子,
41206004,蓝色12阶手套,,装备,装备胚子,
41206005,蓝色12阶手套,,装备,装备胚子,
41206006,紫色12阶手套,,装备,装备胚子,
41206007,紫色12阶手套,,装备,装备胚子,
41206008,紫色12阶手套,,装备,装备胚子,
41206009,橙色12阶手套,,装备,装备胚子,
41206010,橙色12阶手套,,装备,装备胚子,
41206011,橙色12阶手套,,装备,装备胚子,
41206012,红色12阶手套,,装备,装备胚子,
41206013,红色12阶手套,,装备,装备胚子,
41206014,红色12阶手套,,装备,装备胚子,
41206015,彩色12阶手套,,装备,装备胚子,
41206016,彩色12阶手套,,装备,装备胚子,
41206017,彩色12阶手套,,装备,装备胚子,
41301001,白色13阶头盔,,装备,装备胚子,
41301002,绿色13阶头盔,,装备,装备胚子,
41301003,绿色13阶头盔,,装备,装备胚子,
41301004,蓝色13阶头盔,,装备,装备胚子,
41301005,蓝色13阶头盔,,装备,装备胚子,
41301006,紫色13阶头盔,,装备,装备胚子,
41301007,紫色13阶头盔,,装备,装备胚子,
41301008,紫色13阶头盔,,装备,装备胚子,
41301009,橙色13阶头盔,,装备,装备胚子,
41301010,橙色13阶头盔,,装备,装备胚子,
41301011,橙色13阶头盔,,装备,装备胚子,
41301012,红色13阶头盔,,装备,装备胚子,
41301013,红色13阶头盔,,装备,装备胚子,
41301014,红色13阶头盔,,装备,装备胚子,
41301015,彩色13阶头盔,,装备,装备胚子,
41301016,彩色13阶头盔,,装备,装备胚子,
41301017,彩色13阶头盔,,装备,装备胚子,
41302001,白色13阶护臂,,装备,装备胚子,
41302002,绿色13阶护臂,,装备,装备胚子,
41302003,绿色13阶护臂,,装备,装备胚子,
41302004,蓝色13阶护臂,,装备,装备胚子,
41302005,蓝色13阶护臂,,装备,装备胚子,
41302006,紫色13阶护臂,,装备,装备胚子,
41302007,紫色13阶护臂,,装备,装备胚子,
41302008,紫色13阶护臂,,装备,装备胚子,
41302009,橙色13阶护臂,,装备,装备胚子,
41302010,橙色13阶护臂,,装备,装备胚子,
41302011,橙色13阶护臂,,装备,装备胚子,
41302012,红色13阶护臂,,装备,装备胚子,
41302013,红色13阶护臂,,装备,装备胚子,
41302014,红色13阶护臂,,装备,装备胚子,
41302015,彩色13阶护臂,,装备,装备胚子,
41302016,彩色13阶护臂,,装备,装备胚子,
41302017,彩色13阶护臂,,装备,装备胚子,
41303001,白色13阶衣服,,装备,装备胚子,
41303002,绿色13阶衣服,,装备,装备胚子,
41303003,绿色13阶衣服,,装备,装备胚子,
41303004,蓝色13阶衣服,,装备,装备胚子,
41303005,蓝色13阶衣服,,装备,装备胚子,
41303006,紫色13阶衣服,,装备,装备胚子,
41303007,紫色13阶衣服,,装备,装备胚子,
41303008,紫色13阶衣服,,装备,装备胚子,
41303009,橙色13阶衣服,,装备,装备胚子,
41303010,橙色13阶衣服,,装备,装备胚子,
41303011,橙色13阶衣服,,装备,装备胚子,
41303012,红色13阶衣服,,装备,装备胚子,
41303013,红色13阶衣服,,装备,装备胚子,
41303014,红色13阶衣服,,装备,装备胚子,
41303015,彩色13阶衣服,,装备,装备胚子,
41303016,彩色13阶衣服,,装备,装备胚子,
41303017,彩色13阶衣服,,装备,装备胚子,
41304001,白色13阶裤子,,装备,装备胚子,
41304002,绿色13阶裤子,,装备,装备胚子,
41304003,绿色13阶裤子,,装备,装备胚子,
41304004,蓝色13阶裤子,,装备,装备胚子,
41304005,蓝色13阶裤子,,装备,装备胚子,
41304006,紫色13阶裤子,,装备,装备胚子,
41304007,紫色13阶裤子,,装备,装备胚子,
41304008,紫色13阶裤子,,装备,装备胚子,
41304009,橙色13阶裤子,,装备,装备胚子,
41304010,橙色13阶裤子,,装备,装备胚子,
41304011,橙色13阶裤子,,装备,装备胚子,
41304012,红色13阶裤子,,装备,装备胚子,
41304013,红色13阶裤子,,装备,装备胚子,
41304014,红色13阶裤子,,装备,装备胚子,
41304015,彩色13阶裤子,,装备,装备胚子,
41304016,彩色13阶裤子,,装备,装备胚子,
41304017,彩色13阶裤子,,装备,装备胚子,
41305001,白色13阶鞋子,,装备,装备胚子,
41305002,绿色13阶鞋子,,装备,装备胚子,
41305003,绿色13阶鞋子,,装备,装备胚子,
41305004,蓝色13阶鞋子,,装备,装备胚子,
41305005,蓝色13阶鞋子,,装备,装备胚子,
41305006,紫色13阶鞋子,,装备,装备胚子,
41305007,紫色13阶鞋子,,装备,装备胚子,
41305008,紫色13阶鞋子,,装备,装备胚子,
41305009,橙色13阶鞋子,,装备,装备胚子,
41305010,橙色13阶鞋子,,装备,装备胚子,
41305011,橙色13阶鞋子,,装备,装备胚子,
41305012,红色13阶鞋子,,装备,装备胚子,
41305013,红色13阶鞋子,,装备,装备胚子,
41305014,红色13阶鞋子,,装备,装备胚子,
41305015,彩色13阶鞋子,,装备,装备胚子,
41305016,彩色13阶鞋子,,装备,装备胚子,
41305017,彩色13阶鞋子,,装备,装备胚子,
41306001,白色13阶手套,,装备,装备胚子,
41306002,绿色13阶手套,,装备,装备胚子,
41306003,绿色13阶手套,,装备,装备胚子,
41306004,蓝色13阶手套,,装备,装备胚子,
41306005,蓝色13阶手套,,装备,装备胚子,
41306006,紫色13阶手套,,装备,装备胚子,
41306007,紫色13阶手套,,装备,装备胚子,
41306008,紫色13阶手套,,装备,装备胚子,
41306009,橙色13阶手套,,装备,装备胚子,
41306010,橙色13阶手套,,装备,装备胚子,
41306011,橙色13阶手套,,装备,装备胚子,
41306012,红色13阶手套,,装备,装备胚子,
41306013,红色13阶手套,,装备,装备胚子,
41306014,红色13阶手套,,装备,装备胚子,
41306015,彩色13阶手套,,装备,装备胚子,
41306016,彩色13阶手套,,装备,装备胚子,
41306017,彩色13阶手套,,装备,装备胚子,
41401001,白色14阶头盔,,装备,装备胚子,
41401002,绿色14阶头盔,,装备,装备胚子,
41401003,绿色14阶头盔,,装备,装备胚子,
41401004,蓝色14阶头盔,,装备,装备胚子,
41401005,蓝色14阶头盔,,装备,装备胚子,
41401006,紫色14阶头盔,,装备,装备胚子,
41401007,紫色14阶头盔,,装备,装备胚子,
41401008,紫色14阶头盔,,装备,装备胚子,
41401009,橙色14阶头盔,,装备,装备胚子,
41401010,橙色14阶头盔,,装备,装备胚子,
41401011,橙色14阶头盔,,装备,装备胚子,
41401012,红色14阶头盔,,装备,装备胚子,
41401013,红色14阶头盔,,装备,装备胚子,
41401014,红色14阶头盔,,装备,装备胚子,
41401015,彩色14阶头盔,,装备,装备胚子,
41401016,彩色14阶头盔,,装备,装备胚子,
41401017,彩色14阶头盔,,装备,装备胚子,
41402001,白色14阶护臂,,装备,装备胚子,
41402002,绿色14阶护臂,,装备,装备胚子,
41402003,绿色14阶护臂,,装备,装备胚子,
41402004,蓝色14阶护臂,,装备,装备胚子,
41402005,蓝色14阶护臂,,装备,装备胚子,
41402006,紫色14阶护臂,,装备,装备胚子,
41402007,紫色14阶护臂,,装备,装备胚子,
41402008,紫色14阶护臂,,装备,装备胚子,
41402009,橙色14阶护臂,,装备,装备胚子,
41402010,橙色14阶护臂,,装备,装备胚子,
41402011,橙色14阶护臂,,装备,装备胚子,
41402012,红色14阶护臂,,装备,装备胚子,
41402013,红色14阶护臂,,装备,装备胚子,
41402014,红色14阶护臂,,装备,装备胚子,
41402015,彩色14阶护臂,,装备,装备胚子,
41402016,彩色14阶护臂,,装备,装备胚子,
41402017,彩色14阶护臂,,装备,装备胚子,
41403001,白色14阶衣服,,装备,装备胚子,
41403002,绿色14阶衣服,,装备,装备胚子,
41403003,绿色14阶衣服,,装备,装备胚子,
41403004,蓝色14阶衣服,,装备,装备胚子,
41403005,蓝色14阶衣服,,装备,装备胚子,
41403006,紫色14阶衣服,,装备,装备胚子,
41403007,紫色14阶衣服,,装备,装备胚子,
41403008,紫色14阶衣服,,装备,装备胚子,
41403009,橙色14阶衣服,,装备,装备胚子,
41403010,橙色14阶衣服,,装备,装备胚子,
41403011,橙色14阶衣服,,装备,装备胚子,
41403012,红色14阶衣服,,装备,装备胚子,
41403013,红色14阶衣服,,装备,装备胚子,
41403014,红色14阶衣服,,装备,装备胚子,
41403015,彩色14阶衣服,,装备,装备胚子,
41403016,彩色14阶衣服,,装备,装备胚子,
41403017,彩色14阶衣服,,装备,装备胚子,
41404001,白色14阶裤子,,装备,装备胚子,
41404002,绿色14阶裤子,,装备,装备胚子,
41404003,绿色14阶裤子,,装备,装备胚子,
41404004,蓝色14阶裤子,,装备,装备胚子,
41404005,蓝色14阶裤子,,装备,装备胚子,
41404006,紫色14阶裤子,,装备,装备胚子,
41404007,紫色14阶裤子,,装备,装备胚子,
41404008,紫色14阶裤子,,装备,装备胚子,
41404009,橙色14阶裤子,,装备,装备胚子,
41404010,橙色14阶裤子,,装备,装备胚子,
41404011,橙色14阶裤子,,装备,装备胚子,
41404012,红色14阶裤子,,装备,装备胚子,
41404013,红色14阶裤子,,装备,装备胚子,
41404014,红色14阶裤子,,装备,装备胚子,
41404015,彩色14阶裤子,,装备,装备胚子,
41404016,彩色14阶裤子,,装备,装备胚子,
41404017,彩色14阶裤子,,装备,装备胚子,
41405001,白色14阶鞋子,,装备,装备胚子,
41405002,绿色14阶鞋子,,装备,装备胚子,
41405003,绿色14阶鞋子,,装备,装备胚子,
41405004,蓝色14阶鞋子,,装备,装备胚子,
41405005,蓝色14阶鞋子,,装备,装备胚子,
41405006,紫色14阶鞋子,,装备,装备胚子,
41405007,紫色14阶鞋子,,装备,装备胚子,
41405008,紫色14阶鞋子,,装备,装备胚子,
41405009,橙色14阶鞋子,,装备,装备胚子,
41405010,橙色14阶鞋子,,装备,装备胚子,
41405011,橙色14阶鞋子,,装备,装备胚子,
41405012,红色14阶鞋子,,装备,装备胚子,
41405013,红色14阶鞋子,,装备,装备胚子,
41405014,红色14阶鞋子,,装备,装备胚子,
41405015,彩色14阶鞋子,,装备,装备胚子,
41405016,彩色14阶鞋子,,装备,装备胚子,
41405017,彩色14阶鞋子,,装备,装备胚子,
41406001,白色14阶手套,,装备,装备胚子,
41406002,绿色14阶手套,,装备,装备胚子,
41406003,绿色14阶手套,,装备,装备胚子,
41406004,蓝色14阶手套,,装备,装备胚子,
41406005,蓝色14阶手套,,装备,装备胚子,
41406006,紫色14阶手套,,装备,装备胚子,
41406007,紫色14阶手套,,装备,装备胚子,
41406008,紫色14阶手套,,装备,装备胚子,
41406009,橙色14阶手套,,装备,装备胚子,
41406010,橙色14阶手套,,装备,装备胚子,
41406011,橙色14阶手套,,装备,装备胚子,
41406012,红色14阶手套,,装备,装备胚子,
41406013,红色14阶手套,,装备,装备胚子,
41406014,红色14阶手套,,装备,装备胚子,
41406015,彩色14阶手套,,装备,装备胚子,
41406016,彩色14阶手套,,装备,装备胚子,
41406017,彩色14阶手套,,装备,装备胚子,
41501001,白色15阶头盔,,装备,装备胚子,
41501002,绿色15阶头盔,,装备,装备胚子,
41501003,绿色15阶头盔,,装备,装备胚子,
41501004,蓝色15阶头盔,,装备,装备胚子,
41501005,蓝色15阶头盔,,装备,装备胚子,
41501006,紫色15阶头盔,,装备,装备胚子,
41501007,紫色15阶头盔,,装备,装备胚子,
41501008,紫色15阶头盔,,装备,装备胚子,
41501009,橙色15阶头盔,,装备,装备胚子,
41501010,橙色15阶头盔,,装备,装备胚子,
41501011,橙色15阶头盔,,装备,装备胚子,
41501012,红色15阶头盔,,装备,装备胚子,
41501013,红色15阶头盔,,装备,装备胚子,
41501014,红色15阶头盔,,装备,装备胚子,
41501015,彩色15阶头盔,,装备,装备胚子,
41501016,彩色15阶头盔,,装备,装备胚子,
41501017,彩色15阶头盔,,装备,装备胚子,
41502001,白色15阶护臂,,装备,装备胚子,
41502002,绿色15阶护臂,,装备,装备胚子,
41502003,绿色15阶护臂,,装备,装备胚子,
41502004,蓝色15阶护臂,,装备,装备胚子,
41502005,蓝色15阶护臂,,装备,装备胚子,
41502006,紫色15阶护臂,,装备,装备胚子,
41502007,紫色15阶护臂,,装备,装备胚子,
41502008,紫色15阶护臂,,装备,装备胚子,
41502009,橙色15阶护臂,,装备,装备胚子,
41502010,橙色15阶护臂,,装备,装备胚子,
41502011,橙色15阶护臂,,装备,装备胚子,
41502012,红色15阶护臂,,装备,装备胚子,
41502013,红色15阶护臂,,装备,装备胚子,
41502014,红色15阶护臂,,装备,装备胚子,
41502015,彩色15阶护臂,,装备,装备胚子,
41502016,彩色15阶护臂,,装备,装备胚子,
41502017,彩色15阶护臂,,装备,装备胚子,
41503001,白色15阶衣服,,装备,装备胚子,
41503002,绿色15阶衣服,,装备,装备胚子,
41503003,绿色15阶衣服,,装备,装备胚子,
41503004,蓝色15阶衣服,,装备,装备胚子,
41503005,蓝色15阶衣服,,装备,装备胚子,
41503006,紫色15阶衣服,,装备,装备胚子,
41503007,紫色15阶衣服,,装备,装备胚子,
41503008,紫色15阶衣服,,装备,装备胚子,
41503009,橙色15阶衣服,,装备,装备胚子,
41503010,橙色15阶衣服,,装备,装备胚子,
41503011,橙色15阶衣服,,装备,装备胚子,
41503012,红色15阶衣服,,装备,装备胚子,
41503013,红色15阶衣服,,装备,装备胚子,
41503014,红色15阶衣服,,装备,装备胚子,
41503015,彩色15阶衣服,,装备,装备胚子,
41503016,彩色15阶衣服,,装备,装备胚子,
41503017,彩色15阶衣服,,装备,装备胚子,
41504001,白色15阶裤子,,装备,装备胚子,
41504002,绿色15阶裤子,,装备,装备胚子,
41504003,绿色15阶裤子,,装备,装备胚子,
41504004,蓝色15阶裤子,,装备,装备胚子,
41504005,蓝色15阶裤子,,装备,装备胚子,
41504006,紫色15阶裤子,,装备,装备胚子,
41504007,紫色15阶裤子,,装备,装备胚子,
41504008,紫色15阶裤子,,装备,装备胚子,
41504009,橙色15阶裤子,,装备,装备胚子,
41504010,橙色15阶裤子,,装备,装备胚子,
41504011,橙色15阶裤子,,装备,装备胚子,
41504012,红色15阶裤子,,装备,装备胚子,
41504013,红色15阶裤子,,装备,装备胚子,
41504014,红色15阶裤子,,装备,装备胚子,
41504015,彩色15阶裤子,,装备,装备胚子,
41504016,彩色15阶裤子,,装备,装备胚子,
41504017,彩色15阶裤子,,装备,装备胚子,
41505001,白色15阶鞋子,,装备,装备胚子,
41505002,绿色15阶鞋子,,装备,装备胚子,
41505003,绿色15阶鞋子,,装备,装备胚子,
41505004,蓝色15阶鞋子,,装备,装备胚子,
41505005,蓝色15阶鞋子,,装备,装备胚子,
41505006,紫色15阶鞋子,,装备,装备胚子,
41505007,紫色15阶鞋子,,装备,装备胚子,
41505008,紫色15阶鞋子,,装备,装备胚子,
41505009,橙色15阶鞋子,,装备,装备胚子,
41505010,橙色15阶鞋子,,装备,装备胚子,
41505011,橙色15阶鞋子,,装备,装备胚子,
41505012,红色15阶鞋子,,装备,装备胚子,
41505013,红色15阶鞋子,,装备,装备胚子,
41505014,红色15阶鞋子,,装备,装备胚子,
41505015,彩色15阶鞋子,,装备,装备胚子,
41505016,彩色15阶鞋子,,装备,装备胚子,
41505017,彩色15阶鞋子,,装备,装备胚子,
41506001,白色15阶手套,,装备,装备胚子,
41506002,绿色15阶手套,,装备,装备胚子,
41506003,绿色15阶手套,,装备,装备胚子,
41506004,蓝色15阶手套,,装备,装备胚子,
41506005,蓝色15阶手套,,装备,装备胚子,
41506006,紫色15阶手套,,装备,装备胚子,
41506007,紫色15阶手套,,装备,装备胚子,
41506008,紫色15阶手套,,装备,装备胚子,
41506009,橙色15阶手套,,装备,装备胚子,
41506010,橙色15阶手套,,装备,装备胚子,
41506011,橙色15阶手套,,装备,装备胚子,
41506012,红色15阶手套,,装备,装备胚子,
41506013,红色15阶手套,,装备,装备胚子,
41506014,红色15阶手套,,装备,装备胚子,
41506015,彩色15阶手套,,装备,装备胚子,
41506016,彩色15阶手套,,装备,装备胚子,
41506017,彩色15阶手套,,装备,装备胚子,
50101001,头盔*普通宝石,,宝石,宝石胚子,
50101002,头盔*普通宝石,,宝石,宝石胚子,
50101003,头盔*普通宝石,,宝石,宝石胚子,
50101004,头盔*普通宝石,,宝石,宝石胚子,
50101005,头盔*普通宝石,,宝石,宝石胚子,
50101006,头盔*普通宝石,,宝石,宝石胚子,
50101007,头盔*普通宝石,,宝石,宝石胚子,
50101008,头盔*普通宝石,,宝石,宝石胚子,
50101009,头盔*普通宝石,,宝石,宝石胚子,
50101010,头盔*普通宝石,,宝石,宝石胚子,
50101011,头盔*普通宝石,,宝石,宝石胚子,
50101012,头盔*普通宝石,,宝石,宝石胚子,
50101013,头盔*普通宝石,,宝石,宝石胚子,
50101014,头盔*普通宝石,,宝石,宝石胚子,
50101015,头盔*普通宝石,,宝石,宝石胚子,
50102001,护臂*普通宝石,,宝石,宝石胚子,
50102002,护臂*普通宝石,,宝石,宝石胚子,
50102003,护臂*普通宝石,,宝石,宝石胚子,
50102004,护臂*普通宝石,,宝石,宝石胚子,
50102005,护臂*普通宝石,,宝石,宝石胚子,
50102006,护臂*普通宝石,,宝石,宝石胚子,
50102007,护臂*普通宝石,,宝石,宝石胚子,
50102008,护臂*普通宝石,,宝石,宝石胚子,
50102009,护臂*普通宝石,,宝石,宝石胚子,
50102010,护臂*普通宝石,,宝石,宝石胚子,
50102011,护臂*普通宝石,,宝石,宝石胚子,
50102012,护臂*普通宝石,,宝石,宝石胚子,
50102013,护臂*普通宝石,,宝石,宝石胚子,
50102014,护臂*普通宝石,,宝石,宝石胚子,
50102015,护臂*普通宝石,,宝石,宝石胚子,
50102016,护臂*普通宝石,,宝石,宝石胚子,
50103001,衣服*普通宝石,,宝石,宝石胚子,
50103002,衣服*普通宝石,,宝石,宝石胚子,
50103003,衣服*普通宝石,,宝石,宝石胚子,
50103004,衣服*普通宝石,,宝石,宝石胚子,
50103005,衣服*普通宝石,,宝石,宝石胚子,
50103006,衣服*普通宝石,,宝石,宝石胚子,
50103007,衣服*普通宝石,,宝石,宝石胚子,
50103008,衣服*普通宝石,,宝石,宝石胚子,
50103009,衣服*普通宝石,,宝石,宝石胚子,
50103010,衣服*普通宝石,,宝石,宝石胚子,
50103011,衣服*普通宝石,,宝石,宝石胚子,
50103012,衣服*普通宝石,,宝石,宝石胚子,
50103013,衣服*普通宝石,,宝石,宝石胚子,
50103014,衣服*普通宝石,,宝石,宝石胚子,
50103015,衣服*普通宝石,,宝石,宝石胚子,
50104001,裤子*普通宝石,,宝石,宝石胚子,
50104002,裤子*普通宝石,,宝石,宝石胚子,
50104003,裤子*普通宝石,,宝石,宝石胚子,
50104004,裤子*普通宝石,,宝石,宝石胚子,
50104005,裤子*普通宝石,,宝石,宝石胚子,
50104006,裤子*普通宝石,,宝石,宝石胚子,
50104007,裤子*普通宝石,,宝石,宝石胚子,
50104008,裤子*普通宝石,,宝石,宝石胚子,
50104009,裤子*普通宝石,,宝石,宝石胚子,
50104010,裤子*普通宝石,,宝石,宝石胚子,
50104011,裤子*普通宝石,,宝石,宝石胚子,
50104012,裤子*普通宝石,,宝石,宝石胚子,
50104013,裤子*普通宝石,,宝石,宝石胚子,
50104014,裤子*普通宝石,,宝石,宝石胚子,
50104015,裤子*普通宝石,,宝石,宝石胚子,
50104016,裤子*普通宝石,,宝石,宝石胚子,
50105001,鞋子*普通宝石,,宝石,宝石胚子,
50105002,鞋子*普通宝石,,宝石,宝石胚子,
50105003,鞋子*普通宝石,,宝石,宝石胚子,
50105004,鞋子*普通宝石,,宝石,宝石胚子,
50105005,鞋子*普通宝石,,宝石,宝石胚子,
50105006,鞋子*普通宝石,,宝石,宝石胚子,
50105007,鞋子*普通宝石,,宝石,宝石胚子,
50105008,鞋子*普通宝石,,宝石,宝石胚子,
50105009,鞋子*普通宝石,,宝石,宝石胚子,
50105010,鞋子*普通宝石,,宝石,宝石胚子,
50105011,鞋子*普通宝石,,宝石,宝石胚子,
50105012,鞋子*普通宝石,,宝石,宝石胚子,
50105013,鞋子*普通宝石,,宝石,宝石胚子,
50105014,鞋子*普通宝石,,宝石,宝石胚子,
50105015,鞋子*普通宝石,,宝石,宝石胚子,
50105016,鞋子*普通宝石,,宝石,宝石胚子,
50105017,鞋子*普通宝石,,宝石,宝石胚子,
50106001,手套*普通宝石,,宝石,宝石胚子,
50106002,手套*普通宝石,,宝石,宝石胚子,
50106003,手套*普通宝石,,宝石,宝石胚子,
50106004,手套*普通宝石,,宝石,宝石胚子,
50106005,手套*普通宝石,,宝石,宝石胚子,
50106006,手套*普通宝石,,宝石,宝石胚子,
50106007,手套*普通宝石,,宝石,宝石胚子,
50106008,手套*普通宝石,,宝石,宝石胚子,
50106009,手套*普通宝石,,宝石,宝石胚子,
50106010,手套*普通宝石,,宝石,宝石胚子,
50106011,手套*普通宝石,,宝石,宝石胚子,
50106012,手套*普通宝石,,宝石,宝石胚子,
50106013,手套*普通宝石,,宝石,宝石胚子,
50106014,手套*普通宝石,,宝石,宝石胚子,
50106015,手套*普通宝石,,宝石,宝石胚子,
50106016,手套*普通宝石,,宝石,宝石胚子,
50201001,头盔*精良宝石,,宝石,宝石胚子,
50201002,头盔*精良宝石,,宝石,宝石胚子,
50201003,头盔*精良宝石,,宝石,宝石胚子,
50201004,头盔*精良宝石,,宝石,宝石胚子,
50201005,头盔*精良宝石,,宝石,宝石胚子,
50201006,头盔*精良宝石,,宝石,宝石胚子,
50201007,头盔*精良宝石,,宝石,宝石胚子,
50201008,头盔*精良宝石,,宝石,宝石胚子,
50201009,头盔*精良宝石,,宝石,宝石胚子,
50201010,头盔*精良宝石,,宝石,宝石胚子,
50201011,头盔*精良宝石,,宝石,宝石胚子,
50201012,头盔*精良宝石,,宝石,宝石胚子,
50201013,头盔*精良宝石,,宝石,宝石胚子,
50201014,头盔*精良宝石,,宝石,宝石胚子,
50201015,头盔*精良宝石,,宝石,宝石胚子,
50201016,头盔*精良宝石,,宝石,宝石胚子,
50202001,护臂*精良宝石,,宝石,宝石胚子,
50202002,护臂*精良宝石,,宝石,宝石胚子,
50202003,护臂*精良宝石,,宝石,宝石胚子,
50202004,护臂*精良宝石,,宝石,宝石胚子,
50202005,护臂*精良宝石,,宝石,宝石胚子,
50202006,护臂*精良宝石,,宝石,宝石胚子,
50202007,护臂*精良宝石,,宝石,宝石胚子,
50202008,护臂*精良宝石,,宝石,宝石胚子,
50202009,护臂*精良宝石,,宝石,宝石胚子,
50202010,护臂*精良宝石,,宝石,宝石胚子,
50202011,护臂*精良宝石,,宝石,宝石胚子,
50202012,护臂*精良宝石,,宝石,宝石胚子,
50202013,护臂*精良宝石,,宝石,宝石胚子,
50202014,护臂*精良宝石,,宝石,宝石胚子,
50202015,护臂*精良宝石,,宝石,宝石胚子,
50202016,护臂*精良宝石,,宝石,宝石胚子,
50202017,护臂*精良宝石,,宝石,宝石胚子,
50203001,衣服*精良宝石,,宝石,宝石胚子,
50203002,衣服*精良宝石,,宝石,宝石胚子,
50203003,衣服*精良宝石,,宝石,宝石胚子,
50203004,衣服*精良宝石,,宝石,宝石胚子,
50203005,衣服*精良宝石,,宝石,宝石胚子,
50203006,衣服*精良宝石,,宝石,宝石胚子,
50203007,衣服*精良宝石,,宝石,宝石胚子,
50203008,衣服*精良宝石,,宝石,宝石胚子,
50203009,衣服*精良宝石,,宝石,宝石胚子,
50203010,衣服*精良宝石,,宝石,宝石胚子,
50203011,衣服*精良宝石,,宝石,宝石胚子,
50203012,衣服*精良宝石,,宝石,宝石胚子,
50203013,衣服*精良宝石,,宝石,宝石胚子,
50203014,衣服*精良宝石,,宝石,宝石胚子,
50203015,衣服*精良宝石,,宝石,宝石胚子,
50204001,裤子*精良宝石,,宝石,宝石胚子,
50204002,裤子*精良宝石,,宝石,宝石胚子,
50204003,裤子*精良宝石,,宝石,宝石胚子,
50204004,裤子*精良宝石,,宝石,宝石胚子,
50204005,裤子*精良宝石,,宝石,宝石胚子,
50204006,裤子*精良宝石,,宝石,宝石胚子,
50204007,裤子*精良宝石,,宝石,宝石胚子,
50204008,裤子*精良宝石,,宝石,宝石胚子,
50204009,裤子*精良宝石,,宝石,宝石胚子,
50204010,裤子*精良宝石,,宝石,宝石胚子,
50204011,裤子*精良宝石,,宝石,宝石胚子,
50204012,裤子*精良宝石,,宝石,宝石胚子,
50204013,裤子*精良宝石,,宝石,宝石胚子,
50204014,裤子*精良宝石,,宝石,宝石胚子,
50204015,裤子*精良宝石,,宝石,宝石胚子,
50204016,裤子*精良宝石,,宝石,宝石胚子,
50204017,裤子*精良宝石,,宝石,宝石胚子,
50204018,裤子*精良宝石,,宝石,宝石胚子,
50205001,鞋子*精良宝石,,宝石,宝石胚子,
50205002,鞋子*精良宝石,,宝石,宝石胚子,
50205003,鞋子*精良宝石,,宝石,宝石胚子,
50205004,鞋子*精良宝石,,宝石,宝石胚子,
50205005,鞋子*精良宝石,,宝石,宝石胚子,
50205006,鞋子*精良宝石,,宝石,宝石胚子,
50205007,鞋子*精良宝石,,宝石,宝石胚子,
50205008,鞋子*精良宝石,,宝石,宝石胚子,
50205009,鞋子*精良宝石,,宝石,宝石胚子,
50205010,鞋子*精良宝石,,宝石,宝石胚子,
50205011,鞋子*精良宝石,,宝石,宝石胚子,
50205012,鞋子*精良宝石,,宝石,宝石胚子,
50205013,鞋子*精良宝石,,宝石,宝石胚子,
50205014,鞋子*精良宝石,,宝石,宝石胚子,
50205015,鞋子*精良宝石,,宝石,宝石胚子,
50205016,鞋子*精良宝石,,宝石,宝石胚子,
50205017,鞋子*精良宝石,,宝石,宝石胚子,
50206001,手套*精良宝石,,宝石,宝石胚子,
50206002,手套*精良宝石,,宝石,宝石胚子,
50206003,手套*精良宝石,,宝石,宝石胚子,
50206004,手套*精良宝石,,宝石,宝石胚子,
50206005,手套*精良宝石,,宝石,宝石胚子,
50206006,手套*精良宝石,,宝石,宝石胚子,
50206007,手套*精良宝石,,宝石,宝石胚子,
50206008,手套*精良宝石,,宝石,宝石胚子,
50206009,手套*精良宝石,,宝石,宝石胚子,
50206010,手套*精良宝石,,宝石,宝石胚子,
50206011,手套*精良宝石,,宝石,宝石胚子,
50206012,手套*精良宝石,,宝石,宝石胚子,
50206013,手套*精良宝石,,宝石,宝石胚子,
50206014,手套*精良宝石,,宝石,宝石胚子,
50206015,手套*精良宝石,,宝石,宝石胚子,
50206016,手套*精良宝石,,宝石,宝石胚子,
50206017,手套*精良宝石,,宝石,宝石胚子,
50206018,手套*精良宝石,,宝石,宝石胚子,
50206019,手套*精良宝石,,宝石,宝石胚子,
50301001,头盔*卓越宝石,,宝石,宝石胚子,
50301002,头盔*卓越宝石,,宝石,宝石胚子,
50301003,头盔*卓越宝石,,宝石,宝石胚子,
50301004,头盔*卓越宝石,,宝石,宝石胚子,
50301005,头盔*卓越宝石,,宝石,宝石胚子,
50301006,头盔*卓越宝石,,宝石,宝石胚子,
50301007,头盔*卓越宝石,,宝石,宝石胚子,
50301008,头盔*卓越宝石,,宝石,宝石胚子,
50301009,头盔*卓越宝石,,宝石,宝石胚子,
50301010,头盔*卓越宝石,,宝石,宝石胚子,
50301011,头盔*卓越宝石,,宝石,宝石胚子,
50301012,头盔*卓越宝石,,宝石,宝石胚子,
50301013,头盔*卓越宝石,,宝石,宝石胚子,
50301014,头盔*卓越宝石,,宝石,宝石胚子,
50301015,头盔*卓越宝石,,宝石,宝石胚子,
50301016,头盔*卓越宝石,,宝石,宝石胚子,
50301017,头盔*卓越宝石,,宝石,宝石胚子,
50301018,头盔*卓越宝石,,宝石,宝石胚子,
50301019,头盔*卓越宝石,,宝石,宝石胚子,
50301020,头盔*卓越宝石,,宝石,宝石胚子,
50301021,头盔*卓越宝石,,宝石,宝石胚子,
50301022,头盔*卓越宝石,,宝石,宝石胚子,
50302001,护臂*卓越宝石,,宝石,宝石胚子,
50302002,护臂*卓越宝石,,宝石,宝石胚子,
50302003,护臂*卓越宝石,,宝石,宝石胚子,
50302004,护臂*卓越宝石,,宝石,宝石胚子,
50302005,护臂*卓越宝石,,宝石,宝石胚子,
50302006,护臂*卓越宝石,,宝石,宝石胚子,
50302007,护臂*卓越宝石,,宝石,宝石胚子,
50302008,护臂*卓越宝石,,宝石,宝石胚子,
50302009,护臂*卓越宝石,,宝石,宝石胚子,
50302010,护臂*卓越宝石,,宝石,宝石胚子,
50302011,护臂*卓越宝石,,宝石,宝石胚子,
50302012,护臂*卓越宝石,,宝石,宝石胚子,
50302013,护臂*卓越宝石,,宝石,宝石胚子,
50302014,护臂*卓越宝石,,宝石,宝石胚子,
50302015,护臂*卓越宝石,,宝石,宝石胚子,
50302016,护臂*卓越宝石,,宝石,宝石胚子,
50302017,护臂*卓越宝石,,宝石,宝石胚子,
50302018,护臂*卓越宝石,,宝石,宝石胚子,
50302019,护臂*卓越宝石,,宝石,宝石胚子,
50302020,护臂*卓越宝石,,宝石,宝石胚子,
50302021,护臂*卓越宝石,,宝石,宝石胚子,
50302022,护臂*卓越宝石,,宝石,宝石胚子,
50302023,护臂*卓越宝石,,宝石,宝石胚子,
50303001,衣服*卓越宝石,,宝石,宝石胚子,
50303002,衣服*卓越宝石,,宝石,宝石胚子,
50303003,衣服*卓越宝石,,宝石,宝石胚子,
50303004,衣服*卓越宝石,,宝石,宝石胚子,
50303005,衣服*卓越宝石,,宝石,宝石胚子,
50303006,衣服*卓越宝石,,宝石,宝石胚子,
50303007,衣服*卓越宝石,,宝石,宝石胚子,
50303008,衣服*卓越宝石,,宝石,宝石胚子,
50303009,衣服*卓越宝石,,宝石,宝石胚子,
50303010,衣服*卓越宝石,,宝石,宝石胚子,
50303011,衣服*卓越宝石,,宝石,宝石胚子,
50303012,衣服*卓越宝石,,宝石,宝石胚子,
50303013,衣服*卓越宝石,,宝石,宝石胚子,
50303014,衣服*卓越宝石,,宝石,宝石胚子,
50303015,衣服*卓越宝石,,宝石,宝石胚子,
50303016,衣服*卓越宝石,,宝石,宝石胚子,
50303017,衣服*卓越宝石,,宝石,宝石胚子,
50303018,衣服*卓越宝石,,宝石,宝石胚子,
50303019,衣服*卓越宝石,,宝石,宝石胚子,
50303020,衣服*卓越宝石,,宝石,宝石胚子,
50303021,衣服*卓越宝石,,宝石,宝石胚子,
50303022,衣服*卓越宝石,,宝石,宝石胚子,
50303023,衣服*卓越宝石,,宝石,宝石胚子,
50304001,裤子*卓越宝石,,宝石,宝石胚子,
50304002,裤子*卓越宝石,,宝石,宝石胚子,
50304003,裤子*卓越宝石,,宝石,宝石胚子,
50304004,裤子*卓越宝石,,宝石,宝石胚子,
50304005,裤子*卓越宝石,,宝石,宝石胚子,
50304006,裤子*卓越宝石,,宝石,宝石胚子,
50304007,裤子*卓越宝石,,宝石,宝石胚子,
50304008,裤子*卓越宝石,,宝石,宝石胚子,
50304009,裤子*卓越宝石,,宝石,宝石胚子,
50304010,裤子*卓越宝石,,宝石,宝石胚子,
50304011,裤子*卓越宝石,,宝石,宝石胚子,
50304012,裤子*卓越宝石,,宝石,宝石胚子,
50304013,裤子*卓越宝石,,宝石,宝石胚子,
50304014,裤子*卓越宝石,,宝石,宝石胚子,
50304015,裤子*卓越宝石,,宝石,宝石胚子,
50304016,裤子*卓越宝石,,宝石,宝石胚子,
50304017,裤子*卓越宝石,,宝石,宝石胚子,
50304018,裤子*卓越宝石,,宝石,宝石胚子,
50304019,裤子*卓越宝石,,宝石,宝石胚子,
50304020,裤子*卓越宝石,,宝石,宝石胚子,
50304021,裤子*卓越宝石,,宝石,宝石胚子,
50304022,裤子*卓越宝石,,宝石,宝石胚子,
50304023,裤子*卓越宝石,,宝石,宝石胚子,
50304024,裤子*卓越宝石,,宝石,宝石胚子,
50305001,鞋子*卓越宝石,,宝石,宝石胚子,
50305002,鞋子*卓越宝石,,宝石,宝石胚子,
50305003,鞋子*卓越宝石,,宝石,宝石胚子,
50305004,鞋子*卓越宝石,,宝石,宝石胚子,
50305005,鞋子*卓越宝石,,宝石,宝石胚子,
50305006,手套*卓越宝石,,宝石,宝石胚子,
50305007,手套*卓越宝石,,宝石,宝石胚子,
50305008,手套*卓越宝石,,宝石,宝石胚子,
50305009,手套*卓越宝石,,宝石,宝石胚子,
50305010,手套*卓越宝石,,宝石,宝石胚子,
50305011,手套*卓越宝石,,宝石,宝石胚子,
50305012,手套*卓越宝石,,宝石,宝石胚子,
50305013,手套*卓越宝石,,宝石,宝石胚子,
50305014,手套*卓越宝石,,宝石,宝石胚子,
50305015,手套*卓越宝石,,宝石,宝石胚子,
50305016,手套*卓越宝石,,宝石,宝石胚子,
50305017,手套*卓越宝石,,宝石,宝石胚子,
50305018,手套*卓越宝石,,宝石,宝石胚子,
50305019,手套*卓越宝石,,宝石,宝石胚子,
50305020,手套*卓越宝石,,宝石,宝石胚子,
50305021,手套*卓越宝石,,宝石,宝石胚子,
50306001,手套*卓越宝石,,宝石,宝石胚子,
50306002,手套*卓越宝石,,宝石,宝石胚子,
50306003,手套*卓越宝石,,宝石,宝石胚子,
50306004,手套*卓越宝石,,宝石,宝石胚子,
50306005,手套*卓越宝石,,宝石,宝石胚子,
50306006,手套*卓越宝石,,宝石,宝石胚子,
50306007,手套*卓越宝石,,宝石,宝石胚子,
50306008,手套*卓越宝石,,宝石,宝石胚子,
50306009,手套*卓越宝石,,宝石,宝石胚子,
50306010,手套*卓越宝石,,宝石,宝石胚子,
50306011,手套*卓越宝石,,宝石,宝石胚子,
50306012,手套*卓越宝石,,宝石,宝石胚子,
50306013,手套*卓越宝石,,宝石,宝石胚子,
50306014,手套*卓越宝石,,宝石,宝石胚子,
50306015,手套*卓越宝石,,宝石,宝石胚子,
50306016,手套*卓越宝石,,宝石,宝石胚子,
50306017,手套*卓越宝石,,宝石,宝石胚子,
50306018,手套*卓越宝石,,宝石,宝石胚子,
50306019,手套*卓越宝石,,宝石,宝石胚子,
50306020,手套*卓越宝石,,宝石,宝石胚子,
50306021,手套*卓越宝石,,宝石,宝石胚子,
50306022,手套*卓越宝石,,宝石,宝石胚子,
50306023,手套*卓越宝石,,宝石,宝石胚子,
50306024,手套*卓越宝石,,宝石,宝石胚子,
50401001,头盔*完美宝石,,宝石,宝石胚子,
50401002,头盔*完美宝石,,宝石,宝石胚子,
50401003,头盔*完美宝石,,宝石,宝石胚子,
50401004,头盔*完美宝石,,宝石,宝石胚子,
50401005,头盔*完美宝石,,宝石,宝石胚子,
50401006,头盔*完美宝石,,宝石,宝石胚子,
50401007,头盔*完美宝石,,宝石,宝石胚子,
50401008,头盔*完美宝石,,宝石,宝石胚子,
50401009,头盔*完美宝石,,宝石,宝石胚子,
50401010,头盔*完美宝石,,宝石,宝石胚子,
50401011,头盔*完美宝石,,宝石,宝石胚子,
50401012,头盔*完美宝石,,宝石,宝石胚子,
50401013,头盔*完美宝石,,宝石,宝石胚子,
50401014,头盔*完美宝石,,宝石,宝石胚子,
50401015,头盔*完美宝石,,宝石,宝石胚子,
50401016,头盔*完美宝石,,宝石,宝石胚子,
50401017,头盔*完美宝石,,宝石,宝石胚子,
50401018,头盔*完美宝石,,宝石,宝石胚子,
50401019,头盔*完美宝石,,宝石,宝石胚子,
50401020,头盔*完美宝石,,宝石,宝石胚子,
50401021,头盔*完美宝石,,宝石,宝石胚子,
50401022,头盔*完美宝石,,宝石,宝石胚子,
50401023,头盔*完美宝石,,宝石,宝石胚子,
50401024,头盔*完美宝石,,宝石,宝石胚子,
50401025,头盔*完美宝石,,宝石,宝石胚子,
50401026,头盔*完美宝石,,宝石,宝石胚子,
50401027,头盔*完美宝石,,宝石,宝石胚子,
50401028,头盔*完美宝石,,宝石,宝石胚子,
50402001,护臂*完美宝石,,宝石,宝石胚子,
50402002,护臂*完美宝石,,宝石,宝石胚子,
50402003,护臂*完美宝石,,宝石,宝石胚子,
50402004,护臂*完美宝石,,宝石,宝石胚子,
50402005,护臂*完美宝石,,宝石,宝石胚子,
50402006,护臂*完美宝石,,宝石,宝石胚子,
50402007,护臂*完美宝石,,宝石,宝石胚子,
50402008,护臂*完美宝石,,宝石,宝石胚子,
50402009,护臂*完美宝石,,宝石,宝石胚子,
50402010,护臂*完美宝石,,宝石,宝石胚子,
50402011,护臂*完美宝石,,宝石,宝石胚子,
50402012,护臂*完美宝石,,宝石,宝石胚子,
50402013,护臂*完美宝石,,宝石,宝石胚子,
50402014,护臂*完美宝石,,宝石,宝石胚子,
50402015,护臂*完美宝石,,宝石,宝石胚子,
50402016,护臂*完美宝石,,宝石,宝石胚子,
50402017,护臂*完美宝石,,宝石,宝石胚子,
50402018,护臂*完美宝石,,宝石,宝石胚子,
50402019,护臂*完美宝石,,宝石,宝石胚子,
50402020,护臂*完美宝石,,宝石,宝石胚子,
50402021,护臂*完美宝石,,宝石,宝石胚子,
50402022,护臂*完美宝石,,宝石,宝石胚子,
50402023,护臂*完美宝石,,宝石,宝石胚子,
50402024,护臂*完美宝石,,宝石,宝石胚子,
50402025,护臂*完美宝石,,宝石,宝石胚子,
50402026,护臂*完美宝石,,宝石,宝石胚子,
50402027,护臂*完美宝石,,宝石,宝石胚子,
50402028,护臂*完美宝石,,宝石,宝石胚子,
50402029,护臂*完美宝石,,宝石,宝石胚子,
50402030,护臂*完美宝石,,宝石,宝石胚子,
50402031,护臂*完美宝石,,宝石,宝石胚子,
50403001,衣服*完美宝石,,宝石,宝石胚子,
50403002,衣服*完美宝石,,宝石,宝石胚子,
50403003,衣服*完美宝石,,宝石,宝石胚子,
50403004,衣服*完美宝石,,宝石,宝石胚子,
50403005,衣服*完美宝石,,宝石,宝石胚子,
50403006,衣服*完美宝石,,宝石,宝石胚子,
50403007,衣服*完美宝石,,宝石,宝石胚子,
50403008,衣服*完美宝石,,宝石,宝石胚子,
50403009,衣服*完美宝石,,宝石,宝石胚子,
50403010,衣服*完美宝石,,宝石,宝石胚子,
50403011,衣服*完美宝石,,宝石,宝石胚子,
50403012,衣服*完美宝石,,宝石,宝石胚子,
50403013,衣服*完美宝石,,宝石,宝石胚子,
50403014,衣服*完美宝石,,宝石,宝石胚子,
50403015,衣服*完美宝石,,宝石,宝石胚子,
50403016,衣服*完美宝石,,宝石,宝石胚子,
50403017,衣服*完美宝石,,宝石,宝石胚子,
50403018,衣服*完美宝石,,宝石,宝石胚子,
50403019,衣服*完美宝石,,宝石,宝石胚子,
50403020,衣服*完美宝石,,宝石,宝石胚子,
50403021,衣服*完美宝石,,宝石,宝石胚子,
50403022,衣服*完美宝石,,宝石,宝石胚子,
50403023,衣服*完美宝石,,宝石,宝石胚子,
50403024,衣服*完美宝石,,宝石,宝石胚子,
50403025,衣服*完美宝石,,宝石,宝石胚子,
50403026,衣服*完美宝石,,宝石,宝石胚子,
50403027,衣服*完美宝石,,宝石,宝石胚子,
50403028,衣服*完美宝石,,宝石,宝石胚子,
50403029,衣服*完美宝石,,宝石,宝石胚子,
50403030,衣服*完美宝石,,宝石,宝石胚子,
50403031,衣服*完美宝石,,宝石,宝石胚子,
50404001,裤子*完美宝石,,宝石,宝石胚子,
50404002,裤子*完美宝石,,宝石,宝石胚子,
50404003,裤子*完美宝石,,宝石,宝石胚子,
50404004,裤子*完美宝石,,宝石,宝石胚子,
50404005,裤子*完美宝石,,宝石,宝石胚子,
50404006,裤子*完美宝石,,宝石,宝石胚子,
50404007,裤子*完美宝石,,宝石,宝石胚子,
50404008,裤子*完美宝石,,宝石,宝石胚子,
50404009,裤子*完美宝石,,宝石,宝石胚子,
50404010,裤子*完美宝石,,宝石,宝石胚子,
50404011,裤子*完美宝石,,宝石,宝石胚子,
50404012,裤子*完美宝石,,宝石,宝石胚子,
50404013,裤子*完美宝石,,宝石,宝石胚子,
50404014,裤子*完美宝石,,宝石,宝石胚子,
50404015,裤子*完美宝石,,宝石,宝石胚子,
50404016,裤子*完美宝石,,宝石,宝石胚子,
50404017,裤子*完美宝石,,宝石,宝石胚子,
50404018,裤子*完美宝石,,宝石,宝石胚子,
50404019,裤子*完美宝石,,宝石,宝石胚子,
50404020,裤子*完美宝石,,宝石,宝石胚子,
50404021,裤子*完美宝石,,宝石,宝石胚子,
50404022,裤子*完美宝石,,宝石,宝石胚子,
50404023,裤子*完美宝石,,宝石,宝石胚子,
50404024,裤子*完美宝石,,宝石,宝石胚子,
50404025,裤子*完美宝石,,宝石,宝石胚子,
50404026,裤子*完美宝石,,宝石,宝石胚子,
50404027,裤子*完美宝石,,宝石,宝石胚子,
50404028,裤子*完美宝石,,宝石,宝石胚子,
50404029,裤子*完美宝石,,宝石,宝石胚子,
50404030,裤子*完美宝石,,宝石,宝石胚子,
50404031,裤子*完美宝石,,宝石,宝石胚子,
50404032,裤子*完美宝石,,宝石,宝石胚子,
50404033,裤子*完美宝石,,宝石,宝石胚子,
50405001,鞋子*完美宝石,,宝石,宝石胚子,
50405002,鞋子*完美宝石,,宝石,宝石胚子,
50405003,鞋子*完美宝石,,宝石,宝石胚子,
50405004,鞋子*完美宝石,,宝石,宝石胚子,
50405005,鞋子*完美宝石,,宝石,宝石胚子,
50405006,鞋子*完美宝石,,宝石,宝石胚子,
50405007,鞋子*完美宝石,,宝石,宝石胚子,
50405008,鞋子*完美宝石,,宝石,宝石胚子,
50405009,鞋子*完美宝石,,宝石,宝石胚子,
50405010,鞋子*完美宝石,,宝石,宝石胚子,
50405011,鞋子*完美宝石,,宝石,宝石胚子,
50405012,鞋子*完美宝石,,宝石,宝石胚子,
50405013,鞋子*完美宝石,,宝石,宝石胚子,
50405014,鞋子*完美宝石,,宝石,宝石胚子,
50405015,鞋子*完美宝石,,宝石,宝石胚子,
50405016,鞋子*完美宝石,,宝石,宝石胚子,
50405017,鞋子*完美宝石,,宝石,宝石胚子,
50405018,鞋子*完美宝石,,宝石,宝石胚子,
50405019,鞋子*完美宝石,,宝石,宝石胚子,
50405020,鞋子*完美宝石,,宝石,宝石胚子,
50405021,鞋子*完美宝石,,宝石,宝石胚子,
50405022,鞋子*完美宝石,,宝石,宝石胚子,
50405023,鞋子*完美宝石,,宝石,宝石胚子,
50405024,鞋子*完美宝石,,宝石,宝石胚子,
50405025,鞋子*完美宝石,,宝石,宝石胚子,
50405026,鞋子*完美宝石,,宝石,宝石胚子,
50405027,鞋子*完美宝石,,宝石,宝石胚子,
50405028,鞋子*完美宝石,,宝石,宝石胚子,
50405029,鞋子*完美宝石,,宝石,宝石胚子,
50406001,手套*完美宝石,,宝石,宝石胚子,
50406002,手套*完美宝石,,宝石,宝石胚子,
50406003,手套*完美宝石,,宝石,宝石胚子,
50406004,手套*完美宝石,,宝石,宝石胚子,
50406005,手套*完美宝石,,宝石,宝石胚子,
50406006,手套*完美宝石,,宝石,宝石胚子,
50406007,手套*完美宝石,,宝石,宝石胚子,
50406008,手套*完美宝石,,宝石,宝石胚子,
50406009,手套*完美宝石,,宝石,宝石胚子,
50406010,手套*完美宝石,,宝石,宝石胚子,
50406011,手套*完美宝石,,宝石,宝石胚子,
50406012,手套*完美宝石,,宝石,宝石胚子,
50406013,手套*完美宝石,,宝石,宝石胚子,
50406014,手套*完美宝石,,宝石,宝石胚子,
50406015,手套*完美宝石,,宝石,宝石胚子,
50406016,手套*完美宝石,,宝石,宝石胚子,
50406017,手套*完美宝石,,宝石,宝石胚子,
50406018,手套*完美宝石,,宝石,宝石胚子,
50406019,手套*完美宝石,,宝石,宝石胚子,
50406020,手套*完美宝石,,宝石,宝石胚子,
50406021,手套*完美宝石,,宝石,宝石胚子,
50406022,手套*完美宝石,,宝石,宝石胚子,
50406023,手套*完美宝石,,宝石,宝石胚子,
50406024,手套*完美宝石,,宝石,宝石胚子,
50406025,手套*完美宝石,,宝石,宝石胚子,
50406026,手套*完美宝石,,宝石,宝石胚子,
50406027,手套*完美宝石,,宝石,宝石胚子,
50406028,手套*完美宝石,,宝石,宝石胚子,
50406029,手套*完美宝石,,宝石,宝石胚子,
50406030,手套*完美宝石,,宝石,宝石胚子,
50406031,手套*完美宝石,,宝石,宝石胚子,
50501001,头盔*传说宝石,,宝石,宝石胚子,
50501002,头盔*传说宝石,,宝石,宝石胚子,
50501003,头盔*传说宝石,,宝石,宝石胚子,
50501004,头盔*传说宝石,,宝石,宝石胚子,
50501005,头盔*传说宝石,,宝石,宝石胚子,
50501006,头盔*传说宝石,,宝石,宝石胚子,
50501007,头盔*传说宝石,,宝石,宝石胚子,
50501008,头盔*传说宝石,,宝石,宝石胚子,
50501009,头盔*传说宝石,,宝石,宝石胚子,
50501010,头盔*传说宝石,,宝石,宝石胚子,
50501011,头盔*传说宝石,,宝石,宝石胚子,
50501012,头盔*传说宝石,,宝石,宝石胚子,
50501013,头盔*传说宝石,,宝石,宝石胚子,
50501014,头盔*传说宝石,,宝石,宝石胚子,
50501015,头盔*传说宝石,,宝石,宝石胚子,
50501016,头盔*传说宝石,,宝石,宝石胚子,
50501017,头盔*传说宝石,,宝石,宝石胚子,
50501018,头盔*传说宝石,,宝石,宝石胚子,
50501019,头盔*传说宝石,,宝石,宝石胚子,
50501020,头盔*传说宝石,,宝石,宝石胚子,
50501021,头盔*传说宝石,,宝石,宝石胚子,
50501022,头盔*传说宝石,,宝石,宝石胚子,
50501023,头盔*传说宝石,,宝石,宝石胚子,
50501024,头盔*传说宝石,,宝石,宝石胚子,
50501025,头盔*传说宝石,,宝石,宝石胚子,
50501026,头盔*传说宝石,,宝石,宝石胚子,
50501027,头盔*传说宝石,,宝石,宝石胚子,
50501028,头盔*传说宝石,,宝石,宝石胚子,
50501029,头盔*传说宝石,,宝石,宝石胚子,
50501030,头盔*传说宝石,,宝石,宝石胚子,
50501031,头盔*传说宝石,,宝石,宝石胚子,
50501032,头盔*传说宝石,,宝石,宝石胚子,
50501033,头盔*传说宝石,,宝石,宝石胚子,
50501034,头盔*传说宝石,,宝石,宝石胚子,
50501035,头盔*传说宝石,,宝石,宝石胚子,
50502001,护臂*传说宝石,,宝石,宝石胚子,
50502002,护臂*传说宝石,,宝石,宝石胚子,
50502003,护臂*传说宝石,,宝石,宝石胚子,
50502004,护臂*传说宝石,,宝石,宝石胚子,
50502005,护臂*传说宝石,,宝石,宝石胚子,
50502006,护臂*传说宝石,,宝石,宝石胚子,
50502007,护臂*传说宝石,,宝石,宝石胚子,
50502008,护臂*传说宝石,,宝石,宝石胚子,
50502009,护臂*传说宝石,,宝石,宝石胚子,
50502010,护臂*传说宝石,,宝石,宝石胚子,
50502011,护臂*传说宝石,,宝石,宝石胚子,
50502012,护臂*传说宝石,,宝石,宝石胚子,
50502013,护臂*传说宝石,,宝石,宝石胚子,
50502014,护臂*传说宝石,,宝石,宝石胚子,
50502015,护臂*传说宝石,,宝石,宝石胚子,
50502016,护臂*传说宝石,,宝石,宝石胚子,
50502017,护臂*传说宝石,,宝石,宝石胚子,
50502018,护臂*传说宝石,,宝石,宝石胚子,
50502019,护臂*传说宝石,,宝石,宝石胚子,
50502020,护臂*传说宝石,,宝石,宝石胚子,
50502021,护臂*传说宝石,,宝石,宝石胚子,
50502022,护臂*传说宝石,,宝石,宝石胚子,
50502023,护臂*传说宝石,,宝石,宝石胚子,
50502024,护臂*传说宝石,,宝石,宝石胚子,
50502025,护臂*传说宝石,,宝石,宝石胚子,
50502026,护臂*传说宝石,,宝石,宝石胚子,
50502027,护臂*传说宝石,,宝石,宝石胚子,
50502028,护臂*传说宝石,,宝石,宝石胚子,
50502029,护臂*传说宝石,,宝石,宝石胚子,
50502030,护臂*传说宝石,,宝石,宝石胚子,
50502031,护臂*传说宝石,,宝石,宝石胚子,
50502032,护臂*传说宝石,,宝石,宝石胚子,
50503001,衣服*传说宝石,,宝石,宝石胚子,
50503002,衣服*传说宝石,,宝石,宝石胚子,
50503003,衣服*传说宝石,,宝石,宝石胚子,
50503004,衣服*传说宝石,,宝石,宝石胚子,
50503005,衣服*传说宝石,,宝石,宝石胚子,
50503006,衣服*传说宝石,,宝石,宝石胚子,
50503007,衣服*传说宝石,,宝石,宝石胚子,
50503008,衣服*传说宝石,,宝石,宝石胚子,
50503009,衣服*传说宝石,,宝石,宝石胚子,
50503010,衣服*传说宝石,,宝石,宝石胚子,
50503011,衣服*传说宝石,,宝石,宝石胚子,
50503012,衣服*传说宝石,,宝石,宝石胚子,
50503013,衣服*传说宝石,,宝石,宝石胚子,
50503014,衣服*传说宝石,,宝石,宝石胚子,
50503015,衣服*传说宝石,,宝石,宝石胚子,
50503016,衣服*传说宝石,,宝石,宝石胚子,
50503017,衣服*传说宝石,,宝石,宝石胚子,
50503018,衣服*传说宝石,,宝石,宝石胚子,
50503019,衣服*传说宝石,,宝石,宝石胚子,
50503020,衣服*传说宝石,,宝石,宝石胚子,
50503021,衣服*传说宝石,,宝石,宝石胚子,
50503022,衣服*传说宝石,,宝石,宝石胚子,
50503023,衣服*传说宝石,,宝石,宝石胚子,
50503024,衣服*传说宝石,,宝石,宝石胚子,
50503025,衣服*传说宝石,,宝石,宝石胚子,
50503026,衣服*传说宝石,,宝石,宝石胚子,
50503027,衣服*传说宝石,,宝石,宝石胚子,
50503028,衣服*传说宝石,,宝石,宝石胚子,
50503029,衣服*传说宝石,,宝石,宝石胚子,
50503030,衣服*传说宝石,,宝石,宝石胚子,
50503031,衣服*传说宝石,,宝石,宝石胚子,
50503032,衣服*传说宝石,,宝石,宝石胚子,
50503033,衣服*传说宝石,,宝石,宝石胚子,
50503034,衣服*传说宝石,,宝石,宝石胚子,
50503035,衣服*传说宝石,,宝石,宝石胚子,
50503036,衣服*传说宝石,,宝石,宝石胚子,
50503037,衣服*传说宝石,,宝石,宝石胚子,
50503038,衣服*传说宝石,,宝石,宝石胚子,
50504001,裤子*传说宝石,,宝石,宝石胚子,
50504002,裤子*传说宝石,,宝石,宝石胚子,
50504003,裤子*传说宝石,,宝石,宝石胚子,
50504004,裤子*传说宝石,,宝石,宝石胚子,
50504005,裤子*传说宝石,,宝石,宝石胚子,
50504006,裤子*传说宝石,,宝石,宝石胚子,
50504007,裤子*传说宝石,,宝石,宝石胚子,
50504008,裤子*传说宝石,,宝石,宝石胚子,
50504009,裤子*传说宝石,,宝石,宝石胚子,
50504010,裤子*传说宝石,,宝石,宝石胚子,
50504011,裤子*传说宝石,,宝石,宝石胚子,
50504012,裤子*传说宝石,,宝石,宝石胚子,
50504013,裤子*传说宝石,,宝石,宝石胚子,
50504014,裤子*传说宝石,,宝石,宝石胚子,
50504015,裤子*传说宝石,,宝石,宝石胚子,
50504016,裤子*传说宝石,,宝石,宝石胚子,
50504017,裤子*传说宝石,,宝石,宝石胚子,
50504018,裤子*传说宝石,,宝石,宝石胚子,
50504019,裤子*传说宝石,,宝石,宝石胚子,
50504020,裤子*传说宝石,,宝石,宝石胚子,
50504021,裤子*传说宝石,,宝石,宝石胚子,
50504022,裤子*传说宝石,,宝石,宝石胚子,
50504023,裤子*传说宝石,,宝石,宝石胚子,
50504024,裤子*传说宝石,,宝石,宝石胚子,
50504025,裤子*传说宝石,,宝石,宝石胚子,
50504026,裤子*传说宝石,,宝石,宝石胚子,
50504027,裤子*传说宝石,,宝石,宝石胚子,
50504028,裤子*传说宝石,,宝石,宝石胚子,
50504029,裤子*传说宝石,,宝石,宝石胚子,
50504030,裤子*传说宝石,,宝石,宝石胚子,
50504031,裤子*传说宝石,,宝石,宝石胚子,
50504032,裤子*传说宝石,,宝石,宝石胚子,
50504033,裤子*传说宝石,,宝石,宝石胚子,
50504034,裤子*传说宝石,,宝石,宝石胚子,
50504035,裤子*传说宝石,,宝石,宝石胚子,
50504036,裤子*传说宝石,,宝石,宝石胚子,
50504037,裤子*传说宝石,,宝石,宝石胚子,
50504038,裤子*传说宝石,,宝石,宝石胚子,
50504039,裤子*传说宝石,,宝石,宝石胚子,
50505001,鞋子*传说宝石,,宝石,宝石胚子,
50505002,鞋子*传说宝石,,宝石,宝石胚子,
50505003,鞋子*传说宝石,,宝石,宝石胚子,
50505004,鞋子*传说宝石,,宝石,宝石胚子,
50505005,鞋子*传说宝石,,宝石,宝石胚子,
50505006,鞋子*传说宝石,,宝石,宝石胚子,
50505007,鞋子*传说宝石,,宝石,宝石胚子,
50505008,鞋子*传说宝石,,宝石,宝石胚子,
50505009,鞋子*传说宝石,,宝石,宝石胚子,
50505010,鞋子*传说宝石,,宝石,宝石胚子,
50505011,鞋子*传说宝石,,宝石,宝石胚子,
50505012,鞋子*传说宝石,,宝石,宝石胚子,
50505013,鞋子*传说宝石,,宝石,宝石胚子,
50505014,鞋子*传说宝石,,宝石,宝石胚子,
50505015,鞋子*传说宝石,,宝石,宝石胚子,
50505016,鞋子*传说宝石,,宝石,宝石胚子,
50505017,鞋子*传说宝石,,宝石,宝石胚子,
50505018,鞋子*传说宝石,,宝石,宝石胚子,
50505019,鞋子*传说宝石,,宝石,宝石胚子,
50505020,鞋子*传说宝石,,宝石,宝石胚子,
50505021,鞋子*传说宝石,,宝石,宝石胚子,
50505022,鞋子*传说宝石,,宝石,宝石胚子,
50505023,鞋子*传说宝石,,宝石,宝石胚子,
50505024,鞋子*传说宝石,,宝石,宝石胚子,
50505025,鞋子*传说宝石,,宝石,宝石胚子,
50505026,鞋子*传说宝石,,宝石,宝石胚子,
50505027,鞋子*传说宝石,,宝石,宝石胚子,
50505028,鞋子*传说宝石,,宝石,宝石胚子,
50505029,鞋子*传说宝石,,宝石,宝石胚子,
50505030,鞋子*传说宝石,,宝石,宝石胚子,
50505031,鞋子*传说宝石,,宝石,宝石胚子,
50505032,鞋子*传说宝石,,宝石,宝石胚子,
50505033,鞋子*传说宝石,,宝石,宝石胚子,
50506001,手套*传说宝石,,宝石,宝石胚子,
50506002,手套*传说宝石,,宝石,宝石胚子,
50506003,手套*传说宝石,,宝石,宝石胚子,
50506004,手套*传说宝石,,宝石,宝石胚子,
50506005,手套*传说宝石,,宝石,宝石胚子,
50506006,手套*传说宝石,,宝石,宝石胚子,
50506007,手套*传说宝石,,宝石,宝石胚子,
50506008,手套*传说宝石,,宝石,宝石胚子,
50506009,手套*传说宝石,,宝石,宝石胚子,
50506010,手套*传说宝石,,宝石,宝石胚子,
50506011,手套*传说宝石,,宝石,宝石胚子,
50506012,手套*传说宝石,,宝石,宝石胚子,
50506013,手套*传说宝石,,宝石,宝石胚子,
50506014,手套*传说宝石,,宝石,宝石胚子,
50506015,手套*传说宝石,,宝石,宝石胚子,
50506016,手套*传说宝石,,宝石,宝石胚子,
50506017,手套*传说宝石,,宝石,宝石胚子,
50506018,手套*传说宝石,,宝石,宝石胚子,
50506019,手套*传说宝石,,宝石,宝石胚子,
50506020,手套*传说宝石,,宝石,宝石胚子,
50506021,手套*传说宝石,,宝石,宝石胚子,
50506022,手套*传说宝石,,宝石,宝石胚子,
50506023,手套*传说宝石,,宝石,宝石胚子,
50506024,手套*传说宝石,,宝石,宝石胚子,
50506025,手套*传说宝石,,宝石,宝石胚子,
50506026,手套*传说宝石,,宝石,宝石胚子,
50506027,手套*传说宝石,,宝石,宝石胚子,
50506028,手套*传说宝石,,宝石,宝石胚子,
50506029,手套*传说宝石,,宝石,宝石胚子,
50506030,手套*传说宝石,,宝石,宝石胚子,
50506031,手套*传说宝石,,宝石,宝石胚子,
50506032,手套*传说宝石,,宝石,宝石胚子,
50506033,手套*传说宝石,,宝石,宝石胚子,
50506034,手套*传说宝石,,宝石,宝石胚子,
50601001,头盔*绝世宝石,,宝石,宝石胚子,
50601002,头盔*绝世宝石,,宝石,宝石胚子,
50601003,头盔*绝世宝石,,宝石,宝石胚子,
50601004,头盔*绝世宝石,,宝石,宝石胚子,
50601005,头盔*绝世宝石,,宝石,宝石胚子,
50601006,头盔*绝世宝石,,宝石,宝石胚子,
50601007,头盔*绝世宝石,,宝石,宝石胚子,
50601008,头盔*绝世宝石,,宝石,宝石胚子,
50601009,头盔*绝世宝石,,宝石,宝石胚子,
50601010,头盔*绝世宝石,,宝石,宝石胚子,
50601011,头盔*绝世宝石,,宝石,宝石胚子,
50601012,头盔*绝世宝石,,宝石,宝石胚子,
50601013,头盔*绝世宝石,,宝石,宝石胚子,
50601014,头盔*绝世宝石,,宝石,宝石胚子,
50601015,头盔*绝世宝石,,宝石,宝石胚子,
50601016,头盔*绝世宝石,,宝石,宝石胚子,
50601017,头盔*绝世宝石,,宝石,宝石胚子,
50601018,头盔*绝世宝石,,宝石,宝石胚子,
50601019,头盔*绝世宝石,,宝石,宝石胚子,
50601020,头盔*绝世宝石,,宝石,宝石胚子,
50601021,头盔*绝世宝石,,宝石,宝石胚子,
50601022,头盔*绝世宝石,,宝石,宝石胚子,
50601023,头盔*绝世宝石,,宝石,宝石胚子,
50601024,头盔*绝世宝石,,宝石,宝石胚子,
50601025,头盔*绝世宝石,,宝石,宝石胚子,
50601026,头盔*绝世宝石,,宝石,宝石胚子,
50601027,头盔*绝世宝石,,宝石,宝石胚子,
50601028,头盔*绝世宝石,,宝石,宝石胚子,
50601029,头盔*绝世宝石,,宝石,宝石胚子,
50601030,头盔*绝世宝石,,宝石,宝石胚子,
50601031,头盔*绝世宝石,,宝石,宝石胚子,
50601032,头盔*绝世宝石,,宝石,宝石胚子,
50601033,头盔*绝世宝石,,宝石,宝石胚子,
50601034,头盔*绝世宝石,,宝石,宝石胚子,
50602001,护臂*绝世宝石,,宝石,宝石胚子,
50602002,护臂*绝世宝石,,宝石,宝石胚子,
50602003,护臂*绝世宝石,,宝石,宝石胚子,
50602004,护臂*绝世宝石,,宝石,宝石胚子,
50602005,护臂*绝世宝石,,宝石,宝石胚子,
50602006,护臂*绝世宝石,,宝石,宝石胚子,
50602007,护臂*绝世宝石,,宝石,宝石胚子,
50602008,护臂*绝世宝石,,宝石,宝石胚子,
50602009,护臂*绝世宝石,,宝石,宝石胚子,
50602010,护臂*绝世宝石,,宝石,宝石胚子,
50602011,护臂*绝世宝石,,宝石,宝石胚子,
50602012,护臂*绝世宝石,,宝石,宝石胚子,
50602013,护臂*绝世宝石,,宝石,宝石胚子,
50602014,护臂*绝世宝石,,宝石,宝石胚子,
50602015,护臂*绝世宝石,,宝石,宝石胚子,
50602016,护臂*绝世宝石,,宝石,宝石胚子,
50602017,护臂*绝世宝石,,宝石,宝石胚子,
50602018,护臂*绝世宝石,,宝石,宝石胚子,
50602019,护臂*绝世宝石,,宝石,宝石胚子,
50602020,护臂*绝世宝石,,宝石,宝石胚子,
50602021,护臂*绝世宝石,,宝石,宝石胚子,
50602022,护臂*绝世宝石,,宝石,宝石胚子,
50602023,护臂*绝世宝石,,宝石,宝石胚子,
50602024,护臂*绝世宝石,,宝石,宝石胚子,
50602025,护臂*绝世宝石,,宝石,宝石胚子,
50602026,护臂*绝世宝石,,宝石,宝石胚子,
50602027,护臂*绝世宝石,,宝石,宝石胚子,
50602028,护臂*绝世宝石,,宝石,宝石胚子,
50602029,护臂*绝世宝石,,宝石,宝石胚子,
50602030,护臂*绝世宝石,,宝石,宝石胚子,
50602031,护臂*绝世宝石,,宝石,宝石胚子,
50602032,护臂*绝世宝石,,宝石,宝石胚子,
50602033,护臂*绝世宝石,,宝石,宝石胚子,
50602034,护臂*绝世宝石,,宝石,宝石胚子,
50602035,护臂*绝世宝石,,宝石,宝石胚子,
50603001,衣服*绝世宝石,,宝石,宝石胚子,
50603002,衣服*绝世宝石,,宝石,宝石胚子,
50603003,衣服*绝世宝石,,宝石,宝石胚子,
50603004,衣服*绝世宝石,,宝石,宝石胚子,
50603005,衣服*绝世宝石,,宝石,宝石胚子,
50603006,衣服*绝世宝石,,宝石,宝石胚子,
50603007,衣服*绝世宝石,,宝石,宝石胚子,
50603008,衣服*绝世宝石,,宝石,宝石胚子,
50603009,衣服*绝世宝石,,宝石,宝石胚子,
50603010,衣服*绝世宝石,,宝石,宝石胚子,
50603011,衣服*绝世宝石,,宝石,宝石胚子,
50603012,衣服*绝世宝石,,宝石,宝石胚子,
50603013,衣服*绝世宝石,,宝石,宝石胚子,
50603014,衣服*绝世宝石,,宝石,宝石胚子,
50603015,衣服*绝世宝石,,宝石,宝石胚子,
50603016,衣服*绝世宝石,,宝石,宝石胚子,
50603017,衣服*绝世宝石,,宝石,宝石胚子,
50603018,衣服*绝世宝石,,宝石,宝石胚子,
50603019,衣服*绝世宝石,,宝石,宝石胚子,
50603020,衣服*绝世宝石,,宝石,宝石胚子,
50603021,衣服*绝世宝石,,宝石,宝石胚子,
50603022,衣服*绝世宝石,,宝石,宝石胚子,
50603023,衣服*绝世宝石,,宝石,宝石胚子,
50603024,衣服*绝世宝石,,宝石,宝石胚子,
50603025,衣服*绝世宝石,,宝石,宝石胚子,
50603026,衣服*绝世宝石,,宝石,宝石胚子,
50603027,衣服*绝世宝石,,宝石,宝石胚子,
50603028,衣服*绝世宝石,,宝石,宝石胚子,
50603029,衣服*绝世宝石,,宝石,宝石胚子,
50603030,衣服*绝世宝石,,宝石,宝石胚子,
50603031,衣服*绝世宝石,,宝石,宝石胚子,
50603032,衣服*绝世宝石,,宝石,宝石胚子,
50603033,衣服*绝世宝石,,宝石,宝石胚子,
50603034,衣服*绝世宝石,,宝石,宝石胚子,
50603035,衣服*绝世宝石,,宝石,宝石胚子,
50603036,衣服*绝世宝石,,宝石,宝石胚子,
50603037,衣服*绝世宝石,,宝石,宝石胚子,
50604001,裤子*绝世宝石,,宝石,宝石胚子,
50604002,裤子*绝世宝石,,宝石,宝石胚子,
50604003,裤子*绝世宝石,,宝石,宝石胚子,
50604004,裤子*绝世宝石,,宝石,宝石胚子,
50604005,裤子*绝世宝石,,宝石,宝石胚子,
50604006,裤子*绝世宝石,,宝石,宝石胚子,
50604007,裤子*绝世宝石,,宝石,宝石胚子,
50604008,裤子*绝世宝石,,宝石,宝石胚子,
50604009,裤子*绝世宝石,,宝石,宝石胚子,
50604010,裤子*绝世宝石,,宝石,宝石胚子,
50604011,裤子*绝世宝石,,宝石,宝石胚子,
50604012,裤子*绝世宝石,,宝石,宝石胚子,
50604013,裤子*绝世宝石,,宝石,宝石胚子,
50604014,裤子*绝世宝石,,宝石,宝石胚子,
50604015,裤子*绝世宝石,,宝石,宝石胚子,
50604016,裤子*绝世宝石,,宝石,宝石胚子,
50604017,裤子*绝世宝石,,宝石,宝石胚子,
50604018,裤子*绝世宝石,,宝石,宝石胚子,
50604019,裤子*绝世宝石,,宝石,宝石胚子,
50604020,裤子*绝世宝石,,宝石,宝石胚子,
50604021,裤子*绝世宝石,,宝石,宝石胚子,
50604022,裤子*绝世宝石,,宝石,宝石胚子,
50604023,裤子*绝世宝石,,宝石,宝石胚子,
50604024,裤子*绝世宝石,,宝石,宝石胚子,
50604025,裤子*绝世宝石,,宝石,宝石胚子,
50604026,裤子*绝世宝石,,宝石,宝石胚子,
50604027,裤子*绝世宝石,,宝石,宝石胚子,
50604028,裤子*绝世宝石,,宝石,宝石胚子,
50604029,裤子*绝世宝石,,宝石,宝石胚子,
50604030,裤子*绝世宝石,,宝石,宝石胚子,
50604031,裤子*绝世宝石,,宝石,宝石胚子,
50604032,裤子*绝世宝石,,宝石,宝石胚子,
50604033,裤子*绝世宝石,,宝石,宝石胚子,
50604034,裤子*绝世宝石,,宝石,宝石胚子,
50604035,裤子*绝世宝石,,宝石,宝石胚子,
50604036,裤子*绝世宝石,,宝石,宝石胚子,
50604037,裤子*绝世宝石,,宝石,宝石胚子,
50604038,裤子*绝世宝石,,宝石,宝石胚子,
50605001,鞋子*绝世宝石,,宝石,宝石胚子,
50605002,鞋子*绝世宝石,,宝石,宝石胚子,
50605003,鞋子*绝世宝石,,宝石,宝石胚子,
50605004,鞋子*绝世宝石,,宝石,宝石胚子,
50605005,鞋子*绝世宝石,,宝石,宝石胚子,
50605006,鞋子*绝世宝石,,宝石,宝石胚子,
50605007,鞋子*绝世宝石,,宝石,宝石胚子,
50605008,鞋子*绝世宝石,,宝石,宝石胚子,
50605009,鞋子*绝世宝石,,宝石,宝石胚子,
50605010,鞋子*绝世宝石,,宝石,宝石胚子,
50605011,鞋子*绝世宝石,,宝石,宝石胚子,
50605012,鞋子*绝世宝石,,宝石,宝石胚子,
50605013,鞋子*绝世宝石,,宝石,宝石胚子,
50605014,鞋子*绝世宝石,,宝石,宝石胚子,
50605015,鞋子*绝世宝石,,宝石,宝石胚子,
50605016,鞋子*绝世宝石,,宝石,宝石胚子,
50605017,鞋子*绝世宝石,,宝石,宝石胚子,
50605018,鞋子*绝世宝石,,宝石,宝石胚子,
50605019,鞋子*绝世宝石,,宝石,宝石胚子,
50605020,鞋子*绝世宝石,,宝石,宝石胚子,
50605021,鞋子*绝世宝石,,宝石,宝石胚子,
50605022,鞋子*绝世宝石,,宝石,宝石胚子,
50605023,鞋子*绝世宝石,,宝石,宝石胚子,
50605024,鞋子*绝世宝石,,宝石,宝石胚子,
50605025,鞋子*绝世宝石,,宝石,宝石胚子,
50605026,鞋子*绝世宝石,,宝石,宝石胚子,
50605027,鞋子*绝世宝石,,宝石,宝石胚子,
50605028,鞋子*绝世宝石,,宝石,宝石胚子,
50605029,鞋子*绝世宝石,,宝石,宝石胚子,
50605030,鞋子*绝世宝石,,宝石,宝石胚子,
50605031,鞋子*绝世宝石,,宝石,宝石胚子,
50605032,鞋子*绝世宝石,,宝石,宝石胚子,
50605033,鞋子*绝世宝石,,宝石,宝石胚子,
50605034,鞋子*绝世宝石,,宝石,宝石胚子,
50605035,鞋子*绝世宝石,,宝石,宝石胚子,
50606001,手套*绝世宝石,,宝石,宝石胚子,
50606002,手套*绝世宝石,,宝石,宝石胚子,
50606003,手套*绝世宝石,,宝石,宝石胚子,
50606004,手套*绝世宝石,,宝石,宝石胚子,
50606005,手套*绝世宝石,,宝石,宝石胚子,
50606006,手套*绝世宝石,,宝石,宝石胚子,
50606007,手套*绝世宝石,,宝石,宝石胚子,
50606008,手套*绝世宝石,,宝石,宝石胚子,
50606009,手套*绝世宝石,,宝石,宝石胚子,
50606010,手套*绝世宝石,,宝石,宝石胚子,
50606011,手套*绝世宝石,,宝石,宝石胚子,
50606012,手套*绝世宝石,,宝石,宝石胚子,
50606013,手套*绝世宝石,,宝石,宝石胚子,
50606014,手套*绝世宝石,,宝石,宝石胚子,
50606015,手套*绝世宝石,,宝石,宝石胚子,
50606016,手套*绝世宝石,,宝石,宝石胚子,
50606017,手套*绝世宝石,,宝石,宝石胚子,
50606018,手套*绝世宝石,,宝石,宝石胚子,
50606019,手套*绝世宝石,,宝石,宝石胚子,
50606020,手套*绝世宝石,,宝石,宝石胚子,
50606021,手套*绝世宝石,,宝石,宝石胚子,
50606022,手套*绝世宝石,,宝石,宝石胚子,
50606023,手套*绝世宝石,,宝石,宝石胚子,
50606024,手套*绝世宝石,,宝石,宝石胚子,
50606025,手套*绝世宝石,,宝石,宝石胚子,
50606026,手套*绝世宝石,,宝石,宝石胚子,
50606027,手套*绝世宝石,,宝石,宝石胚子,
50606028,手套*绝世宝石,,宝石,宝石胚子,
50606029,手套*绝世宝石,,宝石,宝石胚子,
50606030,手套*绝世宝石,,宝石,宝石胚子,
50606031,手套*绝世宝石,,宝石,宝石胚子,
50606032,手套*绝世宝石,,宝石,宝石胚子,
50606033,手套*绝世宝石,,宝石,宝石胚子,
50606034,手套*绝世宝石,,宝石,宝石胚子,
50606035,手套*绝世宝石,,宝石,宝石胚子,
50701001,头盔*至尊宝石,,宝石,宝石胚子,
50701002,头盔*至尊宝石,,宝石,宝石胚子,
50701003,头盔*至尊宝石,,宝石,宝石胚子,
50701004,头盔*至尊宝石,,宝石,宝石胚子,
50701005,头盔*至尊宝石,,宝石,宝石胚子,
50701006,头盔*至尊宝石,,宝石,宝石胚子,
50701007,头盔*至尊宝石,,宝石,宝石胚子,
50701008,头盔*至尊宝石,,宝石,宝石胚子,
50701009,头盔*至尊宝石,,宝石,宝石胚子,
50701010,头盔*至尊宝石,,宝石,宝石胚子,
50701011,头盔*至尊宝石,,宝石,宝石胚子,
50701012,头盔*至尊宝石,,宝石,宝石胚子,
50701013,头盔*至尊宝石,,宝石,宝石胚子,
50701014,头盔*至尊宝石,,宝石,宝石胚子,
50701015,头盔*至尊宝石,,宝石,宝石胚子,
50701016,头盔*至尊宝石,,宝石,宝石胚子,
50701017,头盔*至尊宝石,,宝石,宝石胚子,
50701018,头盔*至尊宝石,,宝石,宝石胚子,
50701019,头盔*至尊宝石,,宝石,宝石胚子,
50701020,头盔*至尊宝石,,宝石,宝石胚子,
50701021,头盔*至尊宝石,,宝石,宝石胚子,
50701022,头盔*至尊宝石,,宝石,宝石胚子,
50701023,头盔*至尊宝石,,宝石,宝石胚子,
50701024,头盔*至尊宝石,,宝石,宝石胚子,
50701025,头盔*至尊宝石,,宝石,宝石胚子,
50701026,头盔*至尊宝石,,宝石,宝石胚子,
50701027,头盔*至尊宝石,,宝石,宝石胚子,
50701028,头盔*至尊宝石,,宝石,宝石胚子,
50701029,头盔*至尊宝石,,宝石,宝石胚子,
50701030,头盔*至尊宝石,,宝石,宝石胚子,
50701031,头盔*至尊宝石,,宝石,宝石胚子,
50701032,头盔*至尊宝石,,宝石,宝石胚子,
50701033,头盔*至尊宝石,,宝石,宝石胚子,
50701034,头盔*至尊宝石,,宝石,宝石胚子,
50701035,头盔*至尊宝石,,宝石,宝石胚子,
50701036,头盔*至尊宝石,,宝石,宝石胚子,
50702001,护臂*至尊宝石,,宝石,宝石胚子,
50702002,护臂*至尊宝石,,宝石,宝石胚子,
50702003,护臂*至尊宝石,,宝石,宝石胚子,
50702004,护臂*至尊宝石,,宝石,宝石胚子,
50702005,护臂*至尊宝石,,宝石,宝石胚子,
50702006,护臂*至尊宝石,,宝石,宝石胚子,
50702007,护臂*至尊宝石,,宝石,宝石胚子,
50702008,护臂*至尊宝石,,宝石,宝石胚子,
50702009,护臂*至尊宝石,,宝石,宝石胚子,
50702010,护臂*至尊宝石,,宝石,宝石胚子,
50702011,护臂*至尊宝石,,宝石,宝石胚子,
50702012,护臂*至尊宝石,,宝石,宝石胚子,
50702013,护臂*至尊宝石,,宝石,宝石胚子,
50702014,护臂*至尊宝石,,宝石,宝石胚子,
50702015,护臂*至尊宝石,,宝石,宝石胚子,
50702016,护臂*至尊宝石,,宝石,宝石胚子,
50702017,护臂*至尊宝石,,宝石,宝石胚子,
50702018,护臂*至尊宝石,,宝石,宝石胚子,
50702019,护臂*至尊宝石,,宝石,宝石胚子,
50702020,护臂*至尊宝石,,宝石,宝石胚子,
50702021,护臂*至尊宝石,,宝石,宝石胚子,
50702022,护臂*至尊宝石,,宝石,宝石胚子,
50702023,护臂*至尊宝石,,宝石,宝石胚子,
50702024,护臂*至尊宝石,,宝石,宝石胚子,
50702025,护臂*至尊宝石,,宝石,宝石胚子,
50702026,护臂*至尊宝石,,宝石,宝石胚子,
50702027,护臂*至尊宝石,,宝石,宝石胚子,
50702028,护臂*至尊宝石,,宝石,宝石胚子,
50702029,护臂*至尊宝石,,宝石,宝石胚子,
50702030,护臂*至尊宝石,,宝石,宝石胚子,
50702031,护臂*至尊宝石,,宝石,宝石胚子,
50702032,护臂*至尊宝石,,宝石,宝石胚子,
50702033,护臂*至尊宝石,,宝石,宝石胚子,
50702034,护臂*至尊宝石,,宝石,宝石胚子,
50702035,护臂*至尊宝石,,宝石,宝石胚子,
50702036,护臂*至尊宝石,,宝石,宝石胚子,
50702037,护臂*至尊宝石,,宝石,宝石胚子,
50702038,护臂*至尊宝石,,宝石,宝石胚子,
50702039,护臂*至尊宝石,,宝石,宝石胚子,
50703001,衣服*至尊宝石,,宝石,宝石胚子,
50703002,衣服*至尊宝石,,宝石,宝石胚子,
50703003,衣服*至尊宝石,,宝石,宝石胚子,
50703004,衣服*至尊宝石,,宝石,宝石胚子,
50703005,衣服*至尊宝石,,宝石,宝石胚子,
50703006,衣服*至尊宝石,,宝石,宝石胚子,
50703007,衣服*至尊宝石,,宝石,宝石胚子,
50703008,衣服*至尊宝石,,宝石,宝石胚子,
50703009,衣服*至尊宝石,,宝石,宝石胚子,
50703010,衣服*至尊宝石,,宝石,宝石胚子,
50703011,衣服*至尊宝石,,宝石,宝石胚子,
50703012,衣服*至尊宝石,,宝石,宝石胚子,
50703013,衣服*至尊宝石,,宝石,宝石胚子,
50703014,衣服*至尊宝石,,宝石,宝石胚子,
50703015,衣服*至尊宝石,,宝石,宝石胚子,
50703016,衣服*至尊宝石,,宝石,宝石胚子,
50703017,衣服*至尊宝石,,宝石,宝石胚子,
50703018,衣服*至尊宝石,,宝石,宝石胚子,
50703019,衣服*至尊宝石,,宝石,宝石胚子,
50703020,衣服*至尊宝石,,宝石,宝石胚子,
50703021,衣服*至尊宝石,,宝石,宝石胚子,
50703022,衣服*至尊宝石,,宝石,宝石胚子,
50703023,衣服*至尊宝石,,宝石,宝石胚子,
50703024,衣服*至尊宝石,,宝石,宝石胚子,
50703025,衣服*至尊宝石,,宝石,宝石胚子,
50703026,衣服*至尊宝石,,宝石,宝石胚子,
50703027,衣服*至尊宝石,,宝石,宝石胚子,
50703028,衣服*至尊宝石,,宝石,宝石胚子,
50703029,衣服*至尊宝石,,宝石,宝石胚子,
50703030,衣服*至尊宝石,,宝石,宝石胚子,
50703031,衣服*至尊宝石,,宝石,宝石胚子,
50703032,衣服*至尊宝石,,宝石,宝石胚子,
50703033,衣服*至尊宝石,,宝石,宝石胚子,
50703034,衣服*至尊宝石,,宝石,宝石胚子,
50703035,衣服*至尊宝石,,宝石,宝石胚子,
50703036,衣服*至尊宝石,,宝石,宝石胚子,
50703037,衣服*至尊宝石,,宝石,宝石胚子,
50703038,衣服*至尊宝石,,宝石,宝石胚子,
50704001,裤子*至尊宝石,,宝石,宝石胚子,
50704002,裤子*至尊宝石,,宝石,宝石胚子,
50704003,裤子*至尊宝石,,宝石,宝石胚子,
50704004,裤子*至尊宝石,,宝石,宝石胚子,
50704005,裤子*至尊宝石,,宝石,宝石胚子,
50704006,裤子*至尊宝石,,宝石,宝石胚子,
50704007,裤子*至尊宝石,,宝石,宝石胚子,
50704008,裤子*至尊宝石,,宝石,宝石胚子,
50704009,裤子*至尊宝石,,宝石,宝石胚子,
50704010,裤子*至尊宝石,,宝石,宝石胚子,
50704011,裤子*至尊宝石,,宝石,宝石胚子,
50704012,裤子*至尊宝石,,宝石,宝石胚子,
50704013,裤子*至尊宝石,,宝石,宝石胚子,
50704014,裤子*至尊宝石,,宝石,宝石胚子,
50704015,裤子*至尊宝石,,宝石,宝石胚子,
50704016,裤子*至尊宝石,,宝石,宝石胚子,
50704017,裤子*至尊宝石,,宝石,宝石胚子,
50704018,裤子*至尊宝石,,宝石,宝石胚子,
50704019,裤子*至尊宝石,,宝石,宝石胚子,
50704020,裤子*至尊宝石,,宝石,宝石胚子,
50704021,裤子*至尊宝石,,宝石,宝石胚子,
50704022,裤子*至尊宝石,,宝石,宝石胚子,
50704023,裤子*至尊宝石,,宝石,宝石胚子,
50704024,裤子*至尊宝石,,宝石,宝石胚子,
50704025,裤子*至尊宝石,,宝石,宝石胚子,
50704026,裤子*至尊宝石,,宝石,宝石胚子,
50704027,裤子*至尊宝石,,宝石,宝石胚子,
50704028,裤子*至尊宝石,,宝石,宝石胚子,
50704029,裤子*至尊宝石,,宝石,宝石胚子,
50704030,裤子*至尊宝石,,宝石,宝石胚子,
50704031,裤子*至尊宝石,,宝石,宝石胚子,
50704032,裤子*至尊宝石,,宝石,宝石胚子,
50704033,裤子*至尊宝石,,宝石,宝石胚子,
50704034,裤子*至尊宝石,,宝石,宝石胚子,
50704035,裤子*至尊宝石,,宝石,宝石胚子,
50704036,裤子*至尊宝石,,宝石,宝石胚子,
50704037,裤子*至尊宝石,,宝石,宝石胚子,
50704038,裤子*至尊宝石,,宝石,宝石胚子,
50704039,裤子*至尊宝石,,宝石,宝石胚子,
50704040,裤子*至尊宝石,,宝石,宝石胚子,
50705001,鞋子*至尊宝石,,宝石,宝石胚子,
50705002,鞋子*至尊宝石,,宝石,宝石胚子,
50705003,鞋子*至尊宝石,,宝石,宝石胚子,
50705004,鞋子*至尊宝石,,宝石,宝石胚子,
50705005,鞋子*至尊宝石,,宝石,宝石胚子,
50705006,鞋子*至尊宝石,,宝石,宝石胚子,
50705007,鞋子*至尊宝石,,宝石,宝石胚子,
50705008,鞋子*至尊宝石,,宝石,宝石胚子,
50705009,鞋子*至尊宝石,,宝石,宝石胚子,
50705010,鞋子*至尊宝石,,宝石,宝石胚子,
50705011,鞋子*至尊宝石,,宝石,宝石胚子,
50705012,鞋子*至尊宝石,,宝石,宝石胚子,
50705013,鞋子*至尊宝石,,宝石,宝石胚子,
50705014,鞋子*至尊宝石,,宝石,宝石胚子,
50705015,鞋子*至尊宝石,,宝石,宝石胚子,
50705016,鞋子*至尊宝石,,宝石,宝石胚子,
50705017,鞋子*至尊宝石,,宝石,宝石胚子,
50705018,鞋子*至尊宝石,,宝石,宝石胚子,
50705019,鞋子*至尊宝石,,宝石,宝石胚子,
50705020,鞋子*至尊宝石,,宝石,宝石胚子,
50705021,鞋子*至尊宝石,,宝石,宝石胚子,
50705022,鞋子*至尊宝石,,宝石,宝石胚子,
50705023,鞋子*至尊宝石,,宝石,宝石胚子,
50705024,鞋子*至尊宝石,,宝石,宝石胚子,
50705025,鞋子*至尊宝石,,宝石,宝石胚子,
50705026,鞋子*至尊宝石,,宝石,宝石胚子,
50705027,鞋子*至尊宝石,,宝石,宝石胚子,
50705028,鞋子*至尊宝石,,宝石,宝石胚子,
50705029,鞋子*至尊宝石,,宝石,宝石胚子,
50705030,鞋子*至尊宝石,,宝石,宝石胚子,
50705031,鞋子*至尊宝石,,宝石,宝石胚子,
50705032,鞋子*至尊宝石,,宝石,宝石胚子,
50705033,鞋子*至尊宝石,,宝石,宝石胚子,
50705034,鞋子*至尊宝石,,宝石,宝石胚子,
50705035,鞋子*至尊宝石,,宝石,宝石胚子,
50705036,鞋子*至尊宝石,,宝石,宝石胚子,
50705037,鞋子*至尊宝石,,宝石,宝石胚子,
50706001,手套*至尊宝石,,宝石,宝石胚子,
50706002,手套*至尊宝石,,宝石,宝石胚子,
50706003,手套*至尊宝石,,宝石,宝石胚子,
50706004,手套*至尊宝石,,宝石,宝石胚子,
50706005,手套*至尊宝石,,宝石,宝石胚子,
50706006,手套*至尊宝石,,宝石,宝石胚子,
50706007,手套*至尊宝石,,宝石,宝石胚子,
50706008,手套*至尊宝石,,宝石,宝石胚子,
50706009,手套*至尊宝石,,宝石,宝石胚子,
50706010,手套*至尊宝石,,宝石,宝石胚子,
50706011,手套*至尊宝石,,宝石,宝石胚子,
50706012,手套*至尊宝石,,宝石,宝石胚子,
50706013,手套*至尊宝石,,宝石,宝石胚子,
50706014,手套*至尊宝石,,宝石,宝石胚子,
50706015,手套*至尊宝石,,宝石,宝石胚子,
50706016,手套*至尊宝石,,宝石,宝石胚子,
50706017,手套*至尊宝石,,宝石,宝石胚子,
50706018,手套*至尊宝石,,宝石,宝石胚子,
50706019,手套*至尊宝石,,宝石,宝石胚子,
50706020,手套*至尊宝石,,宝石,宝石胚子,
50706021,手套*至尊宝石,,宝石,宝石胚子,
50706022,手套*至尊宝石,,宝石,宝石胚子,
50706023,手套*至尊宝石,,宝石,宝石胚子,
50706024,手套*至尊宝石,,宝石,宝石胚子,
50706025,手套*至尊宝石,,宝石,宝石胚子,
50706026,手套*至尊宝石,,宝石,宝石胚子,
50706027,手套*至尊宝石,,宝石,宝石胚子,
50706028,手套*至尊宝石,,宝石,宝石胚子,
50706029,手套*至尊宝石,,宝石,宝石胚子,
50706030,手套*至尊宝石,,宝石,宝石胚子,
50706031,手套*至尊宝石,,宝石,宝石胚子,
50706032,手套*至尊宝石,,宝石,宝石胚子,
50706033,手套*至尊宝石,,宝石,宝石胚子,
50706034,手套*至尊宝石,,宝石,宝石胚子,
50706035,手套*至尊宝石,,宝石,宝石胚子,
50706036,手套*至尊宝石,,宝石,宝石胚子,
50706037,手套*至尊宝石,,宝石,宝石胚子,
50706038,手套*至尊宝石,,宝石,宝石胚子,
